NC_000018.10,11560,15930,LINC02564,plus,102724130,long intergenic non-protein coding RNA 2564
NC_000018.10,14238,15593,LOC124904234,minus,124904234,uncharacterized LOC124904234
NC_000018.10,42857,47016,LOC105371950,plus,105371950,uncharacterized LOC105371950
NC_000018.10,47212,73539,TUBB8B,minus,260334,tubulin beta 8B
NC_000018.10,79721,88561,IL9RP4,minus,100132166,interleukin 9 receptor pseudogene 4
NC_000018.10,109065,122340,ROCK1P1,plus,727758,Rho associated coiled-coil containing protein kinase 1 pseudogene 1
NC_000018.10,112256,112339,MIR8078,minus,102466878,microRNA 8078
NC_000018.10,151412,158169,LOC105371951,plus,105371951,uncharacterized LOC105371951
NC_000018.10,158557,214629,USP14,plus,9097,ubiquitin specific peptidase 14
NC_000018.10,214520,268047,THOC1,minus,9984,THO complex subunit 1
NC_000018.10,316737,500701,COLEC12,minus,81035,collectin subfamily member 12
NC_000018.10,369391,400465,LOC107985155,plus,107985155,uncharacterized LOC107985155
NC_000018.10,508568,515294,LINC01925,minus,105376854,long intergenic non-protein coding RNA 1925
NC_000018.10,580380,582114,CETN1,plus,1068,centrin 1
NC_000018.10,586607,586850,RN7SKP146,minus,106479160,RN7SK pseudogene 146
NC_000018.10,596988,650182,CLUL1,plus,27098,clusterin like 1
NC_000018.10,620652,644914,LOC105371952,minus,105371952,uncharacterized LOC105371952
NC_000018.10,649620,658291,TYMSOS,minus,494514,TYMS opposite strand RNA
NC_000018.10,657653,673578,TYMS,plus,7298,thymidylate synthetase
NC_000018.10,662986,712630,ENOSF1,minus,55556,enolase superfamily member 1
NC_000018.10,721588,812753,YES1,minus,7525,"YES proto-oncogene 1, Src family tyrosine kinase"
NC_000018.10,797989,798135,RNU1-109P,minus,106481625,"RNA, U1 small nuclear 109, pseudogene"
NC_000018.10,832143,832514,BOLA2P1,plus,100652796,bolA family member 2 pseudogene 1
NC_000018.10,856527,857421,LOC441806,plus,441806,"proteasome 26S subunit, non-ATPase 8 pseudogene"
NC_000018.10,902764,906652,LOC124904340,minus,124904340,uncharacterized LOC124904340
NC_000018.10,904411,912172,ADCYAP1,plus,116,adenylate cyclase activating polypeptide 1
NC_000018.10,926083,927993,LINC01904,minus,388456,long intergenic non-protein coding RNA 1904
NC_000018.10,951129,1061536,LOC107985165,plus,107985165,uncharacterized LOC107985165
NC_000018.10,1099005,1254417,LOC105371953,plus,105371953,uncharacterized LOC105371953
NC_000018.10,1159189,1159772,SLC25A3P3,minus,100422606,solute carrier family 25 member 3 pseudogene 3
NC_000018.10,1176650,1177072,COX6CP3,minus,100130247,cytochrome c oxidase subunit 6C pseudogene 3
NC_000018.10,1268311,1359629,LINC00470,minus,56651,long intergenic non-protein coding RNA 470
NC_000018.10,1323846,1324085,RN7SKP72,minus,106481748,RN7SK pseudogene 72
NC_000018.10,1362243,1363943,LOC100129774,minus,100129774,ATPase family AAA domain containing 1 pseudogene
NC_000018.10,1363630,1392709,LOC105371954,minus,105371954,uncharacterized LOC105371954
NC_000018.10,1513898,1522250,LOC105371960,minus,105371960,uncharacterized LOC105371960
NC_000018.10,1779522,1783279,LOC105371959,plus,105371959,uncharacterized LOC105371959
NC_000018.10,1905668,1923073,LOC105371958,minus,105371958,uncharacterized LOC105371958
NC_000018.10,1927599,1929249,AIDAP3,minus,100128360,AIDA pseudogene 3
NC_000018.10,2019767,2049506,LOC105371957,plus,105371957,uncharacterized LOC105371957
NC_000018.10,2034200,2126377,LOC105371956,minus,105371956,uncharacterized LOC105371956
NC_000018.10,2350580,2371126,LOC105371961,plus,105371961,uncharacterized LOC105371961
NC_000018.10,2506628,2517265,LOC124904235,minus,124904235,uncharacterized LOC124904235
NC_000018.10,2537530,2571505,METTL4,minus,64863,"methyltransferase 4, N6-adenosine"
NC_000018.10,2555358,2555492,LOC124904380,plus,124904380,small nucleolar RNA U109
NC_000018.10,2568775,2569122,LOC100128926,plus,100128926,ubiquitin-conjugating enzyme E2 variant 1-like
NC_000018.10,2571557,2616635,NDC80,plus,10403,NDC80 kinetochore complex component
NC_000018.10,2593480,2594953,KATNBL1P3,minus,100420946,katanin regulatory subunit B1 like 1 pseudogene 3
NC_000018.10,2649764,2649867,RNU6-340P,minus,106479717,"RNA, U6 small nuclear 340, pseudogene"
NC_000018.10,2652170,2655395,CBX3P2,minus,645158,CBX3 pseudogene 2
NC_000018.10,2655726,2805017,SMCHD1,plus,23347,structural maintenance of chromosomes flexible hinge domain containing 1
NC_000018.10,2774846,2774963,LOC124904372,plus,124904372,uncharacterized LOC124904372
NC_000018.10,2846232,2916003,EMILIN2,plus,84034,elastin microfibril interfacer 2
NC_000018.10,2916994,3013144,LPIN2,minus,9663,lipin 2
NC_000018.10,2943212,2946623,CHORDC1P4,minus,727896,CHORDC1 pseudogene 4
NC_000018.10,2967000,2970109,LOC105371963,plus,105371963,uncharacterized LOC105371963
NC_000018.10,2978355,2985410,LOC124904236,plus,124904236,uncharacterized LOC124904236
NC_000018.10,2990650,2991310,SNRPCP4,plus,100310848,small nuclear ribonucleoprotein polypeptide C pseudogene 4
NC_000018.10,3025434,3025567,LOC124900407,minus,124900407,small nucleolar RNA SNORA70
NC_000018.10,3066807,3247376,MYOM1,minus,8736,myomesin 1
NC_000018.10,3093569,3093631,RNU7-25P,plus,100147812,"RNA, U7 small nuclear 25 pseudogene"
NC_000018.10,3247482,3256237,MYL12A,plus,10627,myosin light chain 12A
NC_000018.10,3255436,3262359,MYL12-AS1,minus,104968399,MYL12A and MYL12B antisense RNA 1
NC_000018.10,3262133,3278461,MYL12B,plus,103910,myosin light chain 12B
NC_000018.10,3347703,3350559,LINC01895,minus,105371964,long intergenic non-protein coding RNA 1895
NC_000018.10,3377935,3378270,RPL31P59,minus,100271480,ribosomal protein L31 pseudogene 59
NC_000018.10,3394886,3395317,IGLJCOR18,plus,204777,immunoglobulin lambda joining-constant/OR18 (pseudogene)
NC_000018.10,3406310,3406858,RPL21P127,minus,100271452,ribosomal protein L21 pseudogene 127
NC_000018.10,3412009,3459978,TGIF1,plus,7050,TGFB induced factor homeobox 1
NC_000018.10,3415124,3416263,BOD1P1,plus,100129468,biorientation of chromosomes in cell division 1 pseudogene 1
NC_000018.10,3424259,3424349,LOC124904374,minus,124904374,uncharacterized LOC124904374
NC_000018.10,3447006,3450656,LOC124904237,minus,124904237,uncharacterized LOC124904237
NC_000018.10,3461844,3481724,LOC105371965,minus,105371965,uncharacterized LOC105371965
NC_000018.10,3466250,3478978,GAPLINC,plus,100505592,"gastric adenocarcinoma associated, positive CD44 regulator, long intergenic non-coding RNA"
NC_000018.10,3496032,4455307,DLGAP1,minus,9229,DLG associated protein 1
NC_000018.10,3571215,3571511,RN7SL39P,minus,106479239,"RNA, 7SL, cytoplasmic 39, pseudogene"
NC_000018.10,3572940,3573043,LOC124904373,minus,124904373,small nucleolar RNA U13
NC_000018.10,3580167,3580956,LOC100419892,plus,100419892,zinc finger protein 592 pseudogene
NC_000018.10,3594114,3597379,DLGAP1-AS1,plus,649446,DLGAP1 antisense RNA 1
NC_000018.10,3603737,3610089,DLGAP1-AS2,plus,84777,DLGAP1 antisense RNA 2
NC_000018.10,3653114,3656282,LOC105371967,plus,105371967,uncharacterized LOC105371967
NC_000018.10,3811317,3811420,LOC124904368,plus,124904368,small nucleolar RNA U13
NC_000018.10,3877825,3887297,LOC124904238,plus,124904238,uncharacterized LOC124904238
NC_000018.10,3878180,3897069,DLGAP1-AS3,plus,201477,DLGAP1 antisense RNA 3
NC_000018.10,3885353,3885432,MIR6718,plus,102465430,microRNA 6718
NC_000018.10,3894699,3894805,RNU6-831P,minus,106481443,"RNA, U6 small nuclear 831, pseudogene"
NC_000018.10,3962353,4013943,DLGAP1-AS4,plus,101410534,DLGAP1 antisense RNA 4
NC_000018.10,3977457,3978686,GAPDHP66,minus,645256,glyceraldehyde-3-phosphate dehydrogenase pseudogene 66
NC_000018.10,4181160,4193969,LOC124904239,plus,124904239,uncharacterized LOC124904239
NC_000018.10,4264602,4296000,DLGAP1-AS5,plus,284215,DLGAP1 antisense RNA 5
NC_000018.10,4459101,4471452,ELOCP27,plus,107133523,elongin C pseudogene 27
NC_000018.10,4493251,4496393,LOC105371968,minus,105371968,uncharacterized LOC105371968
NC_000018.10,5002552,5003296,PPIAP14,minus,5486,peptidylprolyl isomerase A pseudogene 14
NC_000018.10,5081182,5098780,LINC01892,plus,105371969,long intergenic non-protein coding RNA 1892
NC_000018.10,5131200,5133351,BOD1P2,minus,100129355,biorientation of chromosomes in cell division 1 pseudogene 2
NC_000018.10,5142911,5197691,AKAIN1,minus,642597,A-kinase anchor inhibitor 1
NC_000018.10,5209789,5214316,LOC124904341,plus,124904341,uncharacterized LOC124904341
NC_000018.10,5236724,5238029,LINC00526,minus,147525,long intergenic non-protein coding RNA 526
NC_000018.10,5238100,5246508,LINC00667,plus,339290,long intergenic non-protein coding RNA 667
NC_000018.10,5240263,5241146,LOC100422274,minus,100422274,transforming acidic coiled-coil containing protein 3 pseudogene
NC_000018.10,5289022,5297053,ZBTB14,minus,7541,zinc finger and BTB domain containing 14
NC_000018.10,5310357,5318816,LOC107985144,plus,107985144,uncharacterized LOC107985144
NC_000018.10,5353805,5374751,LOC105371970,minus,105371970,uncharacterized LOC105371970
NC_000018.10,5392386,5630663,EPB41L3,minus,23136,erythrocyte membrane protein band 4.1 like 3
NC_000018.10,5542829,5563158,LOC107985145,plus,107985145,uncharacterized LOC107985145
NC_000018.10,5748799,5914407,MIR3976HG,plus,645355,MIR3976 host gene
NC_000018.10,5840695,5840833,MIR3976,plus,100616244,microRNA 3976
NC_000018.10,5882072,5896174,TMEM200C,minus,645369,transmembrane protein 200C
NC_000018.10,5895727,5989374,LOC121725015,plus,121725015,uncharacterized LOC121725015
NC_000018.10,5954717,6415259,L3MBTL4,minus,91133,L3MBTL histone methyl-lysine binding protein 4
NC_000018.10,6017723,6017839,RNU5F-3P,minus,100873866,"RNA, U5F small nuclear 3, pseudogene"
NC_000018.10,6256744,6260934,L3MBTL4-AS1,plus,101927150,L3MBTL4 antisense RNA 1
NC_000018.10,6356520,6358256,LOC124904240,plus,124904240,uncharacterized LOC124904240
NC_000018.10,6374361,6374425,MIR4317,minus,100422840,microRNA 4317
NC_000018.10,6454962,6455068,RNU6-349P,plus,106479721,"RNA, U6 small nuclear 349, pseudogene"
NC_000018.10,6462110,6463029,RPL6P27,minus,645387,ribosomal protein L6 pseudogene 27
NC_000018.10,6511416,6590653,LINC01387,plus,100130480,long intergenic non-protein coding RNA 1387
NC_000018.10,6557474,6571194,LOC105371972,plus,105371972,uncharacterized LOC105371972
NC_000018.10,6568979,6647163,LOC107985176,minus,107985176,uncharacterized LOC107985176
NC_000018.10,6601540,6601836,RN7SL282P,plus,106480374,"RNA, 7SL, cytoplasmic 282, pseudogene"
NC_000018.10,6728927,6729862,ARHGAP28-AS1,minus,101927168,ARHGAP28 antisense RNA 1
NC_000018.10,6729716,6915716,ARHGAP28,plus,79822,Rho GTPase activating protein 28
NC_000018.10,6925474,6929869,LINC00668,minus,400643,long intergenic non-protein coding RNA 668
NC_000018.10,6926974,6928215,SCML2P1,plus,100421167,SCML2 pseudogene 1
NC_000018.10,6936912,6937020,RNU6-916P,minus,106481468,"RNA, U6 small nuclear 916, pseudogene"
NC_000018.10,6941742,7117797,LAMA1,minus,284217,laminin subunit alpha 1
NC_000018.10,6954677,6957419,LOC101927188,plus,101927188,uncharacterized LOC101927188
NC_000018.10,7134120,7135875,SLC25A51P2,plus,645423,SLC25A51 pseudogene 2
NC_000018.10,7231089,7232044,LRRC30,plus,339291,leucine rich repeat containing 30
NC_000018.10,7249084,7268603,LOC105371973,minus,105371973,uncharacterized LOC105371973
NC_000018.10,7272399,7279045,LOC105371974,plus,105371974,uncharacterized LOC105371974
NC_000018.10,7301020,7301153,LOC124900409,minus,124900409,small nucleolar RNA SNORA48
NC_000018.10,7327449,7359778,LOC105371975,minus,105371975,uncharacterized LOC105371975
NC_000018.10,7455842,7461135,LOC112577592,minus,112577592,uncharacterized LOC112577592
NC_000018.10,7502052,7509465,LOC105371976,minus,105371976,uncharacterized LOC105371976
NC_000018.10,7567316,8406856,PTPRM,plus,5797,protein tyrosine phosphatase receptor type M
NC_000018.10,7740305,7749316,LOC124904242,minus,124904242,uncharacterized LOC124904242
NC_000018.10,7995570,7995785,LOC124904381,plus,124904381,small nucleolar RNA U3
NC_000018.10,8132951,8140102,LOC107985119,minus,107985119,uncharacterized LOC107985119
NC_000018.10,8360820,8367034,LOC100192426,minus,100192426,uncharacterized LOC100192426
NC_000018.10,8394624,8403597,LOC124904241,plus,124904241,uncharacterized LOC124904241
NC_000018.10,8411985,8414631,COP1P1,plus,729391,COP1 pseudogene 1
NC_000018.10,8471831,8472128,RN7SL50P,plus,106479243,"RNA, 7SL, cytoplasmic 50, pseudogene"
NC_000018.10,8512827,8513841,THEMIS3P,plus,100420484,"thymocyte selection associated family member 3, pseudogene"
NC_000018.10,8545608,8546957,AKR1B1P6,plus,100129769,aldo-keto reductase family 1 member B1 pseudogene 6
NC_000018.10,8609437,8639383,RAB12,plus,201475,"RAB12, member RAS oncogene family"
NC_000018.10,8688022,8688410,TOMM20P3,minus,106480301,TOMM20 pseudogene 3
NC_000018.10,8695856,8707621,GACAT2,minus,100287082,gastric cancer associated transcript 2
NC_000018.10,8705556,8832778,MTCL1,plus,23255,microtubule crosslinking factor 1
NC_000018.10,9019998,9020826,RPS4XP19,plus,645573,ribosomal protein S4X pseudogene 19
NC_000018.10,9061431,9065791,LOC124904243,minus,124904243,uncharacterized LOC124904243
NC_000018.10,9102699,9134341,NDUFV2,plus,4729,NADH:ubiquinone oxidoreductase core subunit V2
NC_000018.10,9121265,9136720,NDUFV2-AS1,minus,101927275,NDUFV2 antisense RNA 1
NC_000018.10,9136781,9285985,ANKRD12,plus,23253,ankyrin repeat domain 12
NC_000018.10,9277979,9278079,LOC124904369,plus,124904369,small nucleolar RNA U13
NC_000018.10,9313053,9334469,TWSG1-DT,minus,102724397,TWSG1 divergent transcript
NC_000018.10,9334773,9402420,TWSG1,plus,57045,twisted gastrulation BMP signaling modulator 1
NC_000018.10,9404393,9421117,LOC105371980,plus,105371980,uncharacterized LOC105371980
NC_000018.10,9475009,9538114,RALBP1,plus,10928,ralA binding protein 1
NC_000018.10,9478274,9478943,IRX4P1,minus,100009671,iroquois homeobox 4 pseudogene 1
NC_000018.10,9518119,9518260,RNU2-27P,minus,106481642,"RNA, U2 small nuclear 27, pseudogene"
NC_000018.10,9546794,9617199,PPP4R1,minus,9989,protein phosphatase 4 regulatory subunit 1
NC_000018.10,9614807,9619363,PPP4R1-AS1,plus,101927323,PPP4R1 antisense RNA 1
NC_000018.10,9617987,9618072,RNU6-903P,minus,106481464,"RNA, U6 small nuclear 903, pseudogene"
NC_000018.10,9646110,9648590,LINC02856,plus,112268216,long intergenic non-protein coding RNA 2856
NC_000018.10,9678186,9678798,KRT18P8,minus,125242,keratin 18 pseudogene 8
NC_000018.10,9683463,9707972,LOC124904244,minus,124904244,uncharacterized LOC124904244
NC_000018.10,9708301,9862551,RAB31,plus,11031,"RAB31, member RAS oncogene family"
NC_000018.10,9708672,9716356,LOC105371981,plus,105371981,uncharacterized LOC105371981
NC_000018.10,9785127,9787866,ZNF415P1,plus,100419893,zinc finger protein 415 pseudogene 1
NC_000018.10,9830330,9830627,RN7SL862P,minus,106479535,"RNA, 7SL, cytoplasmic 862, pseudogene"
NC_000018.10,9844717,9844846,RNA5SP449,minus,100873694,"RNA, 5S ribosomal pseudogene 449"
NC_000018.10,9880578,9880869,PIGPP4,minus,106480811,phosphatidylinositol glycan anchor biosynthesis class P pseudogene 4
NC_000018.10,9885973,9889275,TXNDC2,plus,84203,thioredoxin domain containing 2
NC_000018.10,9895234,9896733,LOC105371982,minus,105371982,uncharacterized LOC105371982
NC_000018.10,9912933,9913948,LOC124904245,minus,124904245,uncharacterized LOC124904245
NC_000018.10,9914016,9960021,VAPA,plus,9218,VAMP associated protein A
NC_000018.10,9923920,9924021,RNA5SP450,plus,100873695,"RNA, 5S ribosomal pseudogene 450"
NC_000018.10,10017292,10020871,LOC124904246,plus,124904246,uncharacterized LOC124904246
NC_000018.10,10027240,10028945,LOC105371983,minus,105371983,uncharacterized LOC105371983
NC_000018.10,10085561,10093894,LOC105371984,plus,105371984,uncharacterized LOC105371984
NC_000018.10,10159171,10163067,LOC124904247,plus,124904247,uncharacterized LOC124904247
NC_000018.10,10308367,10323330,LOC105371985,minus,105371985,uncharacterized LOC105371985
NC_000018.10,10338826,10373394,LOC105371986,minus,105371986,uncharacterized LOC105371986
NC_000018.10,10384077,10401145,LOC105371989,plus,105371989,uncharacterized LOC105371989
NC_000018.10,10389898,10390000,LOC124904370,minus,124904370,small nucleolar RNA U13
NC_000018.10,10405133,10414370,LINC01254,minus,101927350,long intergenic non-protein coding RNA 1254
NC_000018.10,10406208,10425255,LOC105371988,plus,105371988,uncharacterized LOC105371988
NC_000018.10,10454635,10489949,APCDD1,plus,147495,APC down-regulated 1
NC_000018.10,10526027,10552764,NAPG,plus,8774,NSF attachment protein gamma
NC_000018.10,10604748,10606736,LOC124904248,plus,124904248,uncharacterized LOC124904248
NC_000018.10,10610998,10626420,LINC01887,minus,102724470,long intergenic non-protein coding RNA 1887
NC_000018.10,10623616,10624313,MIX23P1,minus,645859,MIX23 pseudogene 1
NC_000018.10,10636626,10637557,PMM2P1,plus,390831,phosphomannomutase 2 pseudogene 1
NC_000018.10,10638321,10639375,LOC107987262,minus,107987262,uncharacterized LOC107987262
NC_000018.10,10661933,10666887,LOC101927410,plus,101927410,uncharacterized LOC101927410
NC_000018.10,10670247,11149569,PIEZO2,minus,63895,piezo type mechanosensitive ion channel component 2
NC_000018.10,10724560,10725461,KIAA0895LP1,plus,100128238,KIAA00895L pseudogene 1
NC_000018.10,10759584,10759649,MIR6788,minus,102466735,microRNA 6788
NC_000018.10,11136999,11148516,LOC124904249,minus,124904249,uncharacterized LOC124904249
NC_000018.10,11316748,11319019,LOC105371993,minus,105371993,uncharacterized LOC105371993
NC_000018.10,11326139,11330461,LOC100130329,plus,100130329,solute carrier family 41 member 2 pseudogene
NC_000018.10,11367105,11489938,LOC107985173,minus,107985173,uncharacterized LOC107985173
NC_000018.10,11376162,11431995,LOC124904250,minus,124904250,uncharacterized LOC124904250
NC_000018.10,11390033,11391775,LOC105371995,minus,105371995,uncharacterized LOC105371995
NC_000018.10,11454478,11465996,LINC01928,plus,105371994,long intergenic non-protein coding RNA 1928
NC_000018.10,11488570,11506983,LINC01255,plus,101927433,long intergenic non-protein coding RNA 1255
NC_000018.10,11609596,11610612,SLC35G4,plus,646000,solute carrier family 35 member G4
NC_000018.10,11619578,11634053,NPIPB1P,minus,729602,"nuclear pore complex interacting protein family member B1, pseudogene"
NC_000018.10,11654885,11654941,MIR7153,minus,102465690,microRNA 7153
NC_000018.10,11689264,11885685,GNAL,plus,2774,G protein subunit alpha L
NC_000018.10,11746650,11747707,ASNSP6,plus,100423060,ASNS pseudogene 6
NC_000018.10,11851413,11854444,CHMP1B,plus,57132,charged multivesicular body protein 1B
NC_000018.10,11857161,11860511,LOC124904251,minus,124904251,uncharacterized LOC124904251
NC_000018.10,11876486,11878634,LOC124904252,minus,124904252,uncharacterized LOC124904252
NC_000018.10,11882622,11908317,MPPE1,minus,65258,metallophosphoesterase 1
NC_000018.10,11910549,11948183,LOC101927511,minus,101927511,uncharacterized LOC101927511
NC_000018.10,11981507,12030877,IMPA2,plus,3613,inositol monophosphatase 2
NC_000018.10,12056463,12061806,LOC107985122,minus,107985122,kinesin-like protein KIF1C
NC_000018.10,12066729,12068620,LOC646044,minus,646044,single stranded DNA binding protein 4 pseudogene
NC_000018.10,12075203,12076850,ADGRA3P1,minus,100996333,ADGRA3 pseudogene 1
NC_000018.10,12091518,12093086,LOC100533852,minus,100533852,nuclear factor kappa B subunit 2 pseudogene
NC_000018.10,12093843,12181684,ANKRD62,plus,342850,ankyrin repeat domain 62
NC_000018.10,12098427,12098532,RNU6-324P,plus,106479710,"RNA, U6 small nuclear 324, pseudogene"
NC_000018.10,12101702,12102506,SDHDP1,minus,100289186,succinate dehydrogenase complex subunit D pseudogene 1
NC_000018.10,12192047,12192974,PMM2P2,minus,646065,phosphomannomutase 2 pseudogene 2
NC_000018.10,12200779,12224711,C18orf61,plus,497259,uncharacterized LOC497259
NC_000018.10,12211369,12212070,MIX23P3,plus,732448,MIX23 pseudogene 3
NC_000018.10,12228864,12231162,LOC124904253,minus,124904253,uncharacterized LOC124904253
NC_000018.10,12254361,12277595,CIDEA,plus,1149,cell death inducing DFFA like effector a
NC_000018.10,12255013,12257456,LOC105371996,plus,105371996,uncharacterized LOC105371996
NC_000018.10,12304091,12304194,RNU6-170P,minus,106479641,"RNA, U6 small nuclear 170, pseudogene"
NC_000018.10,12307669,12329826,TUBB6,plus,84617,tubulin beta 6 class V
NC_000018.10,12328944,12377227,AFG3L2,minus,10939,AFG3 like matrix AAA peptidase subunit 2
NC_000018.10,12333612,12344323,LOC107985154,plus,107985154,uncharacterized LOC107985154
NC_000018.10,12400412,12400473,RNU7-129P,plus,106480450,"RNA, U7 small nuclear 129 pseudogene"
NC_000018.10,12407929,12432238,PRELID3A,plus,10650,PRELI domain containing 3A
NC_000018.10,12432774,12447798,LOC105371998,plus,105371998,uncharacterized LOC105371998
NC_000018.10,12446512,12662091,SPIRE1,minus,56907,spire type actin nucleation factor 1
NC_000018.10,12450414,12451072,HMGB3P28,plus,100131036,high mobility group box 3 pseudogene 28
NC_000018.10,12533424,12533525,LOC124904371,minus,124904371,small nucleolar RNA U13
NC_000018.10,12658738,12725740,PSMG2,plus,56984,proteasome assembly chaperone 2
NC_000018.10,12661956,12702777,CEP76,minus,79959,centrosomal protein 76
NC_000018.10,12739486,12749422,LINC01882,minus,100996324,long intergenic non-protein coding RNA 1882
NC_000018.10,12785478,12884237,PTPN2,minus,5771,protein tyrosine phosphatase non-receptor type 2
NC_000018.10,12911217,12912264,STK25P1,plus,100533662,serine/threonine kinase 25 pseudogene 1
NC_000018.10,12912805,12914206,EIF4A2P1,plus,646171,eukaryotic translation initiation factor 4A2 pseudogene 1
NC_000018.10,12948011,12987536,SEH1L,plus,81929,SEH1 like nucleoporin
NC_000018.10,12991362,13125036,CEP192,plus,55125,centrosomal protein 192
NC_000018.10,13139626,13140520,LOC646203,minus,646203,"MRT4 homolog, ribosome maturation factor pseudogene"
NC_000018.10,13151435,13152868,LOC100130487,minus,100130487,WD repeat domain 89 pseudogene
NC_000018.10,13163939,13165721,LOC124904254,minus,124904254,uncharacterized LOC124904254
NC_000018.10,13203771,13217272,LOC124904255,minus,124904255,uncharacterized LOC124904255
NC_000018.10,13217682,13652754,LDLRAD4,plus,753,low density lipoprotein receptor class A domain containing 4
NC_000018.10,13239543,13242076,C18orf15,plus,147276,chromosome 18 putative open reading frame 15
NC_000018.10,13419499,13427534,LDLRAD4-AS1,minus,100288122,LDLRAD4 antisense RNA 1
NC_000018.10,13459947,13460026,MIR5190,plus,100847080,microRNA 5190
NC_000018.10,13470027,13471018,LOC124904256,minus,124904256,uncharacterized LOC124904256
NC_000018.10,13611114,13611200,MIR4526,plus,100616130,microRNA 4526
NC_000018.10,13663347,13726558,FAM210A,minus,125228,family with sequence similarity 210 member A
NC_000018.10,13715102,13715368,RN7SL362P,minus,106481022,"RNA, 7SL, cytoplasmic 362, pseudogene"
NC_000018.10,13726673,13764556,RNMT,plus,8731,RNA guanine-7 methyltransferase
NC_000018.10,13824149,13827323,MC5R,plus,4161,melanocortin 5 receptor
NC_000018.10,13882044,13915707,MC2R,minus,4158,melanocortin 2 receptor
NC_000018.10,13919573,13919956,RPL36AP49,minus,284230,ribosomal protein L36a pseudogene 49
NC_000018.10,14020704,14024524,LOC124904257,minus,124904257,uncharacterized LOC124904257
NC_000018.10,14053906,14054945,LOC100128776,plus,100128776,"NSE4 homolog A, SMC5-SMC6 complex component pseudogene"
NC_000018.10,14071121,14132435,ZNF519,minus,162655,zinc finger protein 519
NC_000018.10,14075240,14075740,VN1R73P,minus,100312818,vomeronasal 1 receptor 73 pseudogene
NC_000018.10,14137710,14139272,FRG2LP,plus,106480352,"FSHD region gene 2 family member L, pseudogene"
NC_000018.10,14143549,14151145,LOC100631380,minus,100631380,"protein phosphatase 6, regulatory subunit 2 pseudogene 1"
NC_000018.10,14152797,14157344,NF1P5,minus,4768,neurofibromin 1 pseudogene 5
NC_000018.10,14179097,14227050,ANKRD20A5P,plus,440482,"ankyrin repeat domain 20 family member A5, pseudogene"
NC_000018.10,14190700,14190806,RNU6-316P,plus,106481279,"RNA, U6 small nuclear 316, pseudogene"
NC_000018.10,14222008,14222340,RHOT1P1,plus,100462813,ras homolog family member T1 pseudogene 1
NC_000018.10,14252711,14254293,LOC100419052,plus,100419052,sorting nexin 18 pseudogene
NC_000018.10,14337423,14342524,CYP4F35P,plus,284233,"cytochrome P450 family 4 subfamily F member 35, pseudogene"
NC_000018.10,14346214,14346945,LOC100419891,minus,100419891,zinc finger protein 114 pseudogene
NC_000018.10,14361247,14361945,LOC729774,minus,729774,SLX9 ribosome biogenesis factor pseudogene
NC_000018.10,14375940,14378757,TERF1P2,minus,646359,TERF1 pseudogene 2
NC_000018.10,14391717,14394029,FEM1AP2,minus,390834,fem-1 homolog A pseudogene 2
NC_000018.10,14405878,14408332,LOC105372003,minus,105372003,uncharacterized LOC105372003
NC_000018.10,14450219,14450992,LONRF2P1,minus,100421827,LONRF2 pseudogene 1
NC_000018.10,14477952,14498721,CXADRP3,minus,440224,CXADR pseudogene 3
NC_000018.10,14485804,14487494,GRAMD4P7,plus,100631251,GRAM domain containing 4 pseudogene 7
NC_000018.10,14507339,14543600,POTEC,minus,388468,POTE ankyrin domain family member C
NC_000018.10,14531676,14531782,RNU6-1021P,minus,106481930,"RNA, U6 small nuclear 1021, pseudogene"
NC_000018.10,14555209,14642509,LOC105372004,minus,105372004,uncharacterized LOC105372004
NC_000018.10,14570744,14571716,OR4K7P,plus,79306,olfactory receptor family 4 subfamily K member 7 pseudogene
NC_000018.10,14613210,14614181,OR4K8P,plus,390836,olfactory receptor family 4 subfamily K member 8 pseudogene
NC_000018.10,14628383,14633302,SNX19P3,minus,646442,sorting nexin 19 pseudogene 3
NC_000018.10,14642717,14706605,GTF2IP8,plus,101927717,general transcription factor IIi pseudogene 8
NC_000018.10,14680406,14681322,VN1R74P,minus,100312819,vomeronasal 1 receptor 74 pseudogene
NC_000018.10,14711262,14728178,LOC105372006,minus,105372006,uncharacterized LOC105372006
NC_000018.10,14714491,14729214,LOC105372005,plus,105372005,uncharacterized LOC105372005
NC_000018.10,14729366,14747353,LOC105372007,minus,105372007,uncharacterized LOC105372007
NC_000018.10,14748172,14941135,ANKRD30B,plus,374860,ankyrin repeat domain 30B
NC_000018.10,14758929,14767610,LOC105372008,minus,105372008,uncharacterized LOC105372008
NC_000018.10,14759188,14759294,RNU6-1210P,plus,106481562,"RNA, U6 small nuclear 1210, pseudogene"
NC_000018.10,14830166,14830242,MIR3156-2,plus,100422907,microRNA 3156-2
NC_000018.10,14877798,14884050,LINC01906,plus,105372009,long intergenic non-protein coding RNA 1906
NC_000018.10,14885696,14890091,FGF7P1,minus,387559,fibroblast growth factor 7 pseudogene 1
NC_000018.10,14910358,14917464,LOC105372010,minus,105372010,uncharacterized LOC105372010
NC_000018.10,14946267,14973756,LINC01443,plus,400644,long intergenic non-protein coding RNA 1443
NC_000018.10,14969607,14970468,LINC01444,minus,101927642,long intergenic non-protein coding RNA 1444
NC_000018.10,14997356,15000141,LOC100887076,minus,100887076,apical junction component 1 homolog pseudogene
NC_000018.10,15003208,15006188,LOC284269,minus,284269,chromosome 9 open reading frame 86 pseudogene 1
NC_000018.10,15197237,15198252,LOC112268217,plus,112268217,"histone H1, gonadal-like"
NC_000018.10,15247456,15247984,BNIP3P3,minus,100421736,BCL2 interacting protein 3 pseudogene 3
NC_000018.10,15270182,15271227,LOC100652813,plus,100652813,zinc finger protein 138 pseudogene
NC_000018.10,15276415,15276888,VN1R75P,plus,100312820,vomeronasal 1 receptor 75 pseudogene
NC_000018.10,15313556,15330263,LOC644669,minus,644669,ankyrin repeat domain 30B pseudogene
NC_000018.10,15320840,15320944,RNU6-721P,minus,106481774,"RNA, U6 small nuclear 721, pseudogene"
NC_000018.10,20946906,21111813,ROCK1,minus,6093,Rho associated coiled-coil containing protein kinase 1
NC_000018.10,21119150,21119703,RPL21P128,minus,440487,ribosomal protein L21 pseudogene 128
NC_000018.10,21120404,21120506,RNU6-120P,minus,106479619,"RNA, U6 small nuclear 120, pseudogene"
NC_000018.10,21140573,21180333,LOC107985161,minus,107985161,uncharacterized LOC107985161
NC_000018.10,21180843,21183515,EXOGP1,minus,100128324,EXOG pseudogene 1
NC_000018.10,21240675,21242728,GREB1L-DT,minus,101927496,GREB1L divergent transcript
NC_000018.10,21242232,21526112,GREB1L,plus,80000,GREB1 like retinoic acid receptor coactivator
NC_000018.10,21380044,21451047,LOC101927521,minus,101927521,uncharacterized LOC101927521
NC_000018.10,21450653,21450756,LOC124900410,minus,124900410,small nucleolar RNA SNORD23
NC_000018.10,21529284,21600704,ESCO1,minus,114799,establishment of sister chromatid cohesion N-acetyltransferase 1
NC_000018.10,21612314,21633520,SNRPD1,plus,6632,small nuclear ribonucleoprotein D1 polypeptide
NC_000018.10,21650901,21704774,ABHD3,minus,171586,"abhydrolase domain containing 3, phospholipase"
NC_000018.10,21683518,21683589,MIR320C1,plus,100302135,microRNA 320c-1
NC_000018.10,21704916,21870953,MIB1,plus,57534,MIB E3 ubiquitin protein ligase 1
NC_000018.10,21711950,21712119,LOC124900411,minus,124900411,small nucleolar RNA SNORA81
NC_000018.10,21793883,21794159,RN7SL233P,plus,106480985,"RNA, 7SL, cytoplasmic 233, pseudogene"
NC_000018.10,21817624,21817828,LOC124904362,plus,124904362,small nucleolar RNA SNORA73 family
NC_000018.10,21825479,21831406,MIR133A1HG,minus,102723167,MIR133A1 host gene
NC_000018.10,21825698,21825785,MIR133A1,minus,406922,microRNA 133a-1
NC_000018.10,21829004,21829088,MIR1-2,minus,406905,microRNA 1-2
NC_000018.10,21854645,21854987,RPL34P32,minus,100271502,ribosomal protein L34 pseudogene 32
NC_000018.10,21879801,21879904,RNU6-1038P,plus,106480022,"RNA, U6 small nuclear 1038, pseudogene"
NC_000018.10,21896933,21916743,LOC105372016,plus,105372016,uncharacterized LOC105372016
NC_000018.10,21928985,21929094,RNA5SP451,minus,100873696,"RNA, 5S ribosomal pseudogene 451"
NC_000018.10,21981094,21994977,LINC01900,plus,102724208,long intergenic non-protein coding RNA 1900
NC_000018.10,22043357,22043418,RNU7-17P,plus,100147765,"RNA, U7 small nuclear 17 pseudogene"
NC_000018.10,22084809,22098786,LOC124904259,plus,124904259,uncharacterized LOC124904259
NC_000018.10,22130603,22130729,RNU6ATAC20P,minus,106480541,"RNA, U6atac small nuclear 20, pseudogene"
NC_000018.10,22166898,22168968,GATA6-AS1,minus,100128893,GATA6 antisense RNA 1 (head to head)
NC_000018.10,22169589,22202528,GATA6,plus,2627,GATA binding protein 6
NC_000018.10,22180112,22180218,RNU6-702P,minus,106481912,"RNA, U6 small nuclear 702, pseudogene"
NC_000018.10,22215899,22236354,LOC105372017,plus,105372017,uncharacterized LOC105372017
NC_000018.10,22242932,22267803,LOC105372018,minus,105372018,uncharacterized LOC105372018
NC_000018.10,22260576,22260677,LOC124904367,plus,124904367,small nucleolar RNA U13
NC_000018.10,22297910,22324720,LOC101927548,minus,101927548,uncharacterized LOC101927548
NC_000018.10,22347846,22349414,LOC105372019,minus,105372019,uncharacterized LOC105372019
NC_000018.10,22413599,22417915,CTAGE1,minus,64693,cutaneous T cell lymphoma-associated antigen 1
NC_000018.10,22418830,22419300,ATP7BP1,minus,100462825,ATPase copper transporting beta pseudogene 1
NC_000018.10,22452695,22458288,LOC124904261,plus,124904261,uncharacterized LOC124904261
NC_000018.10,22456502,22475770,LOC124904260,minus,124904260,uncharacterized LOC124904260
NC_000018.10,22526960,22583102,LOC124904265,plus,124904265,uncharacterized LOC124904265
NC_000018.10,22586409,22587278,RPS4XP18,plus,646583,ribosomal protein S4X pseudogene 18
NC_000018.10,22609554,22614270,LOC124904262,minus,124904262,uncharacterized LOC124904262
NC_000018.10,22647582,22647688,RNU6-1032P,plus,106481506,"RNA, U6 small nuclear 1032, pseudogene"
NC_000018.10,22695131,22700823,LOC124904264,plus,124904264,uncharacterized LOC124904264
NC_000018.10,22723491,22786837,LOC101927571,minus,101927571,uncharacterized LOC101927571
NC_000018.10,22798230,22836170,LOC124904263,plus,124904263,uncharacterized LOC124904263
NC_000018.10,22900486,22900995,UBE2CP2,minus,646595,ubiquitin conjugating enzyme E2 C pseudogene 2
NC_000018.10,22901524,22901626,LOC124904378,minus,124904378,small nucleolar RNA U13
NC_000018.10,22914139,23026486,RBBP8,plus,5932,"RB binding protein 8, endonuclease"
NC_000018.10,22933349,22933438,MIR4741,plus,100616139,microRNA 4741
NC_000018.10,23004564,23004862,RN7SL745P,plus,106481858,"RNA, 7SL, cytoplasmic 745, pseudogene"
NC_000018.10,23105932,23106545,LOC124904266,plus,124904266,uncharacterized LOC124904266
NC_000018.10,23134564,23260470,CABLES1,plus,91768,Cdk5 and Abl enzyme substrate 1
NC_000018.10,23238522,23437961,TMEM241,minus,85019,transmembrane protein 241
NC_000018.10,23453287,23483140,RIOK3,plus,8780,RIO kinase 3
NC_000018.10,23503470,23531822,RMC1,plus,29919,regulator of MON1-CCZ1
NC_000018.10,23506184,23586506,NPC1,minus,4864,NPC intracellular cholesterol transporter 1
NC_000018.10,23598926,23662911,ANKRD29,minus,147463,ankyrin repeat domain 29
NC_000018.10,23672204,23672785,RPS10P27,minus,100129556,ribosomal protein S10 pseudogene 27
NC_000018.10,23689453,23955066,LAMA3,plus,3909,laminin subunit alpha 3
NC_000018.10,23709798,23710298,RPL23AP77,minus,728538,ribosomal protein L23a pseudogene 77
NC_000018.10,23957754,23982542,LOC107985181,minus,107985181,uncharacterized LOC107985181
NC_000018.10,23992887,24135600,TTC39C,plus,125488,tetratricopeptide repeat domain 39C
NC_000018.10,23994213,24015460,TTC39C-AS1,minus,102724246,TTC39C antisense RNA 1
NC_000018.10,24124170,24124285,RNU5A-6P,minus,100873871,"RNA, U5A small nuclear 6, pseudogene"
NC_000018.10,24139062,24161600,CABYR,plus,26256,calcium binding tyrosine phosphorylation regulated
NC_000018.10,24162045,24397824,OSBPL1A,minus,114876,oxysterol binding protein like 1A
NC_000018.10,24170505,24170623,RNA5SP452,minus,100873697,"RNA, 5S ribosomal pseudogene 452"
NC_000018.10,24218300,24218404,RNU6-435P,plus,106479758,"RNA, U6 small nuclear 435, pseudogene"
NC_000018.10,24321675,24321746,MIR320C2,plus,100302195,microRNA 320c-2
NC_000018.10,24326595,24360030,LOC124904267,plus,124904267,uncharacterized LOC124904267
NC_000018.10,24360076,24402715,LOC124904268,plus,124904268,uncharacterized LOC124904268
NC_000018.10,24426670,24453531,IMPACT,plus,55364,impact RWD domain protein
NC_000018.10,24460637,24479974,HRH4,plus,59340,histamine receptor H4
NC_000018.10,24500111,24508275,LOC105372026,plus,105372026,uncharacterized LOC105372026
NC_000018.10,24506864,24508772,LOC646629,minus,646629,zinc finger protein 470 pseudogene
NC_000018.10,24522074,24522908,EIF4A3P1,minus,390843,eukaryotic translation initiation factor 4A3 pseudogene 1
NC_000018.10,24628182,24662198,LINC01915,plus,729950,long intergenic non-protein coding RNA 1915
NC_000018.10,24668838,24671585,LOC105372027,minus,105372027,uncharacterized LOC105372027
NC_000018.10,24685478,24686365,RAC1P1,minus,387612,Rac family small GTPase 1 pseudogene 1
NC_000018.10,24689914,24690161,PPIAP57,minus,111082979,peptidylprolyl isomerase A pseudogene 57
NC_000018.10,24725781,24766645,LOC105372028,plus,105372028,uncharacterized LOC105372028
NC_000018.10,24793136,24800346,LOC105372029,plus,105372029,uncharacterized LOC105372029
NC_000018.10,24932774,24987979,LINC01894,minus,105372030,long intergenic non-protein coding RNA 1894
NC_000018.10,25016433,25017203,WBP2P1,minus,147468,WW domain binding protein 2 pseudogene 1
NC_000018.10,25038000,25043838,LOC107985141,minus,107985141,uncharacterized LOC107985141
NC_000018.10,25061924,25352166,ZNF521,minus,25925,zinc finger protein 521
NC_000018.10,25123938,25129236,LOC124904269,plus,124904269,uncharacterized LOC124904269
NC_000018.10,25196639,25209877,LOC124904270,plus,124904270,uncharacterized LOC124904270
NC_000018.10,25234030,25280698,LOC105372031,plus,105372031,uncharacterized LOC105372031
NC_000018.10,25818234,25818532,RN7SL97P,minus,106479258,"RNA, 7SL, cytoplasmic 97, pseudogene"
NC_000018.10,25957933,25959455,LOC124904271,minus,124904271,uncharacterized LOC124904271
NC_000018.10,26016253,26091219,SS18,minus,6760,SS18 subunit of BAF chromatin remodeling complex
NC_000018.10,26098794,26099335,RPS24P18,plus,100271371,ribosomal protein S24 pseudogene 18
NC_000018.10,26133869,26193355,PSMA8,plus,143471,proteasome 20S subunit alpha 8
NC_000018.10,26167862,26171357,DHFRP1,minus,573971,dihydrofolate reductase pseudogene 1
NC_000018.10,26204853,26206543,NPM1P2,plus,4871,nucleophosmin 1 pseudogene 2
NC_000018.10,26226445,26391685,TAF4B,plus,6875,TATA-box binding protein associated factor 4b
NC_000018.10,26255509,26256465,SINHCAFP1,minus,100421588,SINHCAF pseudogene 1
NC_000018.10,26299158,26299255,LOC124904383,minus,124904383,uncharacterized LOC124904383
NC_000018.10,26348335,26349078,LOC100419894,plus,100419894,zinc finger protein 347 pseudogene
NC_000018.10,26366301,26366406,RNU6-1289P,minus,106481587,"RNA, U6 small nuclear 1289, pseudogene"
NC_000018.10,26416457,26418915,LOC107985142,plus,107985142,uncharacterized LOC107985142
NC_000018.10,26422995,26438044,LINC01543,plus,100506787,long intergenic non-protein coding RNA 1543
NC_000018.10,26450396,26453006,LOC124904274,minus,124904274,uncharacterized LOC124904274
NC_000018.10,26454910,26657473,KCTD1,minus,284252,potassium channel tetramerization domain containing 1
NC_000018.10,26546860,26555852,LOC124904273,plus,124904273,uncharacterized LOC124904273
NC_000018.10,26591467,26591535,MIR8057,minus,102466874,microRNA 8057
NC_000018.10,26599319,26601327,CIAPIN1P,plus,728599,cytokine induced apoptosis inhibitor 1 pseudogene
NC_000018.10,26655731,26689668,LOC102725227,plus,102725227,uncharacterized LOC102725227
NC_000018.10,26687621,26703638,PCAT18,minus,728606,prostate cancer associated transcript 18
NC_000018.10,26727240,26753933,LOC124904272,minus,124904272,uncharacterized LOC124904272
NC_000018.10,26822815,26825230,LOC105372035,minus,105372035,uncharacterized LOC105372035
NC_000018.10,26830752,26832521,LOC440489,minus,440489,ubiquitin recognition factor in ER associated degradation 1 pseudogene
NC_000018.10,26852038,26865803,AQP4,minus,361,aquaporin 4
NC_000018.10,26865308,26935946,AQP4-AS1,plus,147429,AQP4 antisense RNA 1
NC_000018.10,26906481,27185308,CHST9,minus,83539,carbohydrate sulfotransferase 9
NC_000018.10,26952005,26952568,ATP6V1E1P2,minus,100462844,ATPase H+ transporting V1 subunit E1 pseudogene 2
NC_000018.10,26970283,26999358,LOC124904275,plus,124904275,uncharacterized LOC124904275
NC_000018.10,27060812,27062142,LOC105372036,plus,105372036,uncharacterized LOC105372036
NC_000018.10,27224060,27274741,LINC01908,plus,105372037,long intergenic non-protein coding RNA 1908
NC_000018.10,27336991,27342656,LOC105372038,minus,105372038,uncharacterized LOC105372038
NC_000018.10,27342769,27346111,LOC105372040,plus,105372040,uncharacterized LOC105372040
NC_000018.10,27355422,27355764,UBA52P9,minus,100271344,ubiquitin A-52 residue ribosomal protein fusion product 1 pseudogene 9
NC_000018.10,27375330,27401904,LOC105372041,plus,105372041,uncharacterized LOC105372041
NC_000018.10,27418884,27420436,RBM22P1,minus,400645,RNA binding motif protein 22 pseudogene 1
NC_000018.10,27452248,27453816,PA2G4P3,minus,619212,proliferation-associated 2G4 pseudogene 3
NC_000018.10,27501757,27595144,LOC107985126,minus,107985126,uncharacterized LOC107985126
NC_000018.10,27786406,27805082,LOC105372042,plus,105372042,uncharacterized LOC105372042
NC_000018.10,27932879,28177130,CDH2,minus,1000,cadherin 2
NC_000018.10,28651412,28653612,ARIH2P1,plus,390844,ariadne RBR E3 ubiquitin protein ligase 2 pseudogene 1
NC_000018.10,28719135,28724758,LOC105372043,minus,105372043,uncharacterized LOC105372043
NC_000018.10,29048620,29048719,RNU6-408P,plus,106479746,"RNA, U6 small nuclear 408, pseudogene"
NC_000018.10,29066854,29085439,LOC124904343,minus,124904343,uncharacterized LOC124904343
NC_000018.10,29180395,29255341,LOC105372044,minus,105372044,uncharacterized LOC105372044
NC_000018.10,29256290,29257060,HSPA9P2,minus,100873903,heat shock protein family A (Hsp70) member 9 pseudogene 2
NC_000018.10,29629842,29651441,LOC105372045,plus,105372045,uncharacterized LOC105372045
NC_000018.10,30157332,30176015,LOC124904344,minus,124904344,uncharacterized LOC124904344
NC_000018.10,30298910,30298960,MIR302F,plus,100302131,microRNA 302f
NC_000018.10,30317394,30350073,LOC105372046,plus,105372046,uncharacterized LOC105372046
NC_000018.10,30325739,30386859,LOC105372047,minus,105372047,uncharacterized LOC105372047
NC_000018.10,30984106,30984215,RNU6-857P,plus,106480615,"RNA, U6 small nuclear 857, pseudogene"
NC_000018.10,30989365,31042742,DSC3,minus,1825,desmocollin 3
NC_000018.10,31041533,31045226,LOC124904345,plus,124904345,uncharacterized LOC124904345
NC_000018.10,31058840,31102421,DSC2,minus,1824,desmocollin 2
NC_000018.10,31072495,31072607,LOC124904377,plus,124904377,uncharacterized LOC124904377
NC_000018.10,31101588,31162789,DSCAS,plus,101927698,DSC1/DSC2 antisense RNA
NC_000018.10,31129236,31162856,DSC1,minus,1823,desmocollin 1
NC_000018.10,31228112,31262297,LOC105372049,plus,105372049,uncharacterized LOC105372049
NC_000018.10,31278299,31280662,LOC124904346,minus,124904346,uncharacterized LOC124904346
NC_000018.10,31318160,31359246,DSG1,plus,1828,desmoglein 1
NC_000018.10,31343368,31426988,DSG1-AS1,minus,101927718,DSG1 antisense RNA 1
NC_000018.10,31345362,31345467,RNU6-167P,minus,106481228,"RNA, U6 small nuclear 167, pseudogene"
NC_000018.10,31376777,31414909,DSG4,plus,147409,desmoglein 4
NC_000018.10,31447741,31478702,DSG3,plus,1830,desmoglein 3
NC_000018.10,31498177,31549008,DSG2,plus,1829,desmoglein 2
NC_000018.10,31542146,31556911,DSG2-AS1,minus,100652770,DSG2 antisense RNA 1
NC_000018.10,31591877,31598821,TTR,plus,7276,transthyretin
NC_000018.10,31595578,31607500,LOC124904277,minus,124904277,uncharacterized LOC124904277
NC_000018.10,31622246,31724641,B4GALT6,minus,9331,"beta-1,4-galactosyltransferase 6"
NC_000018.10,31669289,31669378,LOC124904361,minus,124904361,uncharacterized LOC124904361
NC_000018.10,31718895,31719150,RN7SKP44,plus,106479114,RN7SK pseudogene 44
NC_000018.10,31724227,31725686,LRRC37A7P,plus,100421589,"leucine rich repeat containing 37 member A7, pseudogene"
NC_000018.10,31726060,31726430,LOC390846,minus,390846,golgi SNAP receptor complex member 2 pseudogene
NC_000018.10,31759584,31760880,SLC25A52,minus,147407,solute carrier family 25 member 52
NC_000018.10,31829197,31943128,TRAPPC8,minus,22878,trafficking protein particle complex subunit 8
NC_000018.10,31883260,31883873,LOC100421591,plus,100421591,family with sequence similarity 76 member A pseudogene
NC_000018.10,31937533,31937639,RNU6-1050P,plus,106481512,"RNA, U6 small nuclear 1050, pseudogene"
NC_000018.10,31962129,31963716,PGDP1,plus,342705,phosphogluconate dehydrogenase pseudogene 1
NC_000018.10,31966960,31967545,LOC100287539,plus,100287539,epsin 2 pseudogene
NC_000018.10,32018825,32088144,RNF125,plus,54941,ring finger protein 125
NC_000018.10,32032545,32034445,HMGN2P44,minus,100874487,high mobility group nucleosomal binding domain 2 pseudogene 44
NC_000018.10,32075846,32076302,RPS15AP35,minus,390848,ribosomal protein S15a pseudogene 35
NC_000018.10,32091275,32091945,LOC124904278,minus,124904278,uncharacterized LOC124904278
NC_000018.10,32091874,32131561,RNF138,plus,51444,ring finger protein 138
NC_000018.10,32094504,32094606,LOC124904366,plus,124904366,small nucleolar RNA U13
NC_000018.10,32176050,32176168,RNA5SP453,minus,100873698,"RNA, 5S ribosomal pseudogene 453"
NC_000018.10,32190039,32220404,MEP1B,plus,4225,meprin A subunit beta
NC_000018.10,32195827,32196967,CLUHP6,minus,100418754,clustered mitochondria homolog pseudogene 6
NC_000018.10,32263522,32470882,GAREM1,minus,64762,GRB2 associated regulator of MAPK1 subtype 1
NC_000018.10,32411501,32413237,HNRNPA1P7,minus,388275,heterogeneous nuclear ribonucleoprotein A1 pseudogene 7
NC_000018.10,32511663,32514634,WBP11P1,plus,441818,WBP11 pseudogene 1
NC_000018.10,32672673,32773023,KLHL14,minus,57565,kelch like family member 14
NC_000018.10,32684929,32738451,LOC112268208,plus,112268208,uncharacterized LOC112268208
NC_000018.10,32770676,32773441,LOC105372055,plus,105372055,uncharacterized LOC105372055
NC_000018.10,32779039,32779286,RPS27P28,plus,100271586,ribosomal protein S27 pseudogene 28
NC_000018.10,32833436,32916717,LOC105372058,plus,105372058,uncharacterized LOC105372058
NC_000018.10,32919403,32925895,LOC107985186,plus,107985186,uncharacterized LOC107985186
NC_000018.10,32937406,33441040,CCDC178,minus,374864,coiled-coil domain containing 178
NC_000018.10,32938085,32957914,LOC105372059,plus,105372059,uncharacterized LOC105372059
NC_000018.10,33578219,33751195,ASXL3,plus,80816,ASXL transcriptional regulator 3
NC_000018.10,33741472,33744061,LOC124904347,minus,124904347,uncharacterized LOC124904347
NC_000018.10,33851100,34224913,NOL4,minus,8715,nucleolar protein 4
NC_000018.10,34165348,34174550,LOC124904279,minus,124904279,uncharacterized LOC124904279
NC_000018.10,34269428,34331549,LOC124904280,minus,124904280,uncharacterized LOC124904280
NC_000018.10,34493312,34891844,DTNA,plus,1837,dystrobrevin alpha
NC_000018.10,34573986,34574499,RPL10AP13,minus,100271602,ribosomal protein L10a pseudogene 13
NC_000018.10,34634388,34650054,LOC124904281,minus,124904281,uncharacterized LOC124904281
NC_000018.10,34892016,34943367,LOC105372061,minus,105372061,uncharacterized LOC105372061
NC_000018.10,34967191,34973737,LOC124904282,minus,124904282,uncharacterized LOC124904282
NC_000018.10,34977027,35143470,MAPRE2,plus,10982,microtubule associated protein RP/EB family member 2
NC_000018.10,35241034,35259227,ZNF397,plus,84307,zinc finger protein 397
NC_000018.10,35251062,35290229,ZSCAN30,minus,100101467,zinc finger and SCAN domain containing 30
NC_000018.10,35290272,35310766,ZNF271P,plus,10778,"zinc finger protein 271, pseudogene"
NC_000018.10,35332227,35344420,ZNF24,minus,7572,zinc finger protein 24
NC_000018.10,35344054,35348879,LOC124904283,plus,124904283,uncharacterized LOC124904283
NC_000018.10,35366694,35377337,ZNF396,minus,252884,zinc finger protein 396
NC_000018.10,35383345,35384025,RPL7AP67,minus,100271542,ribosomal protein L7a pseudogene 67
NC_000018.10,35397058,35409074,LOC105372063,minus,105372063,uncharacterized LOC105372063
NC_000018.10,35435174,35439171,LOC124904284,minus,124904284,uncharacterized LOC124904284
NC_000018.10,35443869,35467165,ZNF24TR,minus,122965328,ZNF24 transcription regulator
NC_000018.10,35468333,35497960,INO80C,minus,125476,INO80 complex subunit C
NC_000018.10,35580922,35711834,GALNT1,plus,2589,polypeptide N-acetylgalactosaminyltransferase 1
NC_000018.10,35591737,35591806,MIR3975,plus,100616257,microRNA 3975
NC_000018.10,35666623,35677130,LOC105372065,minus,105372065,uncharacterized LOC105372065
NC_000018.10,35686067,35686931,LOC124904285,minus,124904285,uncharacterized LOC124904285
NC_000018.10,35690076,35730856,LOC105372064,minus,105372064,uncharacterized LOC105372064
NC_000018.10,35841622,35843425,NRBF2P1,plus,648532,nuclear receptor binding factor 2 pseudogene 1
NC_000018.10,35904818,35904926,MIR187,minus,406963,microRNA 187
NC_000018.10,35934088,35934142,MIR3929,minus,100500864,microRNA 3929
NC_000018.10,35951803,35972451,LOC105372066,minus,105372066,uncharacterized LOC105372066
NC_000018.10,35972679,35979278,C18orf21,plus,83608,chromosome 18 open reading frame 21
NC_000018.10,35989824,36067559,RPRD1A,minus,55197,regulation of nuclear pre-mRNA domain containing 1A
NC_000018.10,36108531,36129340,SLC39A6,minus,25800,solute carrier family 39 member 6
NC_000018.10,36129899,36180557,ELP2,plus,55250,elongator acetyltransferase complex subunit 2
NC_000018.10,36180001,36187435,COSMOC,minus,101927809,cell fate and sterol metabolism associated divergent transcript of MOCOS
NC_000018.10,36187497,36272157,MOCOS,plus,55034,molybdenum cofactor sulfurase
NC_000018.10,36191122,36194307,LOC124904286,plus,124904286,uncharacterized LOC124904286
NC_000018.10,36264737,36264939,RNU4-3P,plus,26841,"RNA, U4 small nuclear 3, pseudogene"
NC_000018.10,36273468,36274970,LOC791126,plus,791126,WDR45-like pseudogene
NC_000018.10,36297713,36780220,FHOD3,plus,80206,formin homology 2 domain containing 3
NC_000018.10,36660389,36663418,LOC105372071,minus,105372071,uncharacterized LOC105372071
NC_000018.10,36780024,36829002,TPGS2,minus,25941,tubulin polyglutamylase complex subunit 2
NC_000018.10,36829127,37232172,KIAA1328,plus,57536,KIAA1328
NC_000018.10,36901945,36923814,LOC105372069,minus,105372069,uncharacterized LOC105372069
NC_000018.10,36962680,36977474,LOC124904287,plus,124904287,uncharacterized LOC124904287
NC_000018.10,37242844,37565798,CELF4,minus,56853,CUGBP Elav-like family member 4
NC_000018.10,37274460,37276400,LOC105372068,plus,105372068,uncharacterized LOC105372068
NC_000018.10,37466339,37466504,SNORA111,minus,106635546,"small nucleolar RNA, H/ACA box 111"
NC_000018.10,37566277,37566688,LOC124904288,plus,124904288,uncharacterized LOC124904288
NC_000018.10,37624949,37628253,LOC124904289,plus,124904289,uncharacterized LOC124904289
NC_000018.10,37637204,37639009,LOC107985118,plus,107985118,uncharacterized LOC107985118
NC_000018.10,37657135,37657215,MIR4318,plus,100422857,microRNA 4318
NC_000018.10,37672695,37673173,RPL12P40,plus,646898,ribosomal protein L12 pseudogene 40
NC_000018.10,37723006,37731704,LOC102724417,plus,102724417,uncharacterized LOC102724417
NC_000018.10,37734417,37774688,LOC105372073,minus,105372073,uncharacterized LOC105372073
NC_000018.10,38466643,38490284,LOC105372074,minus,105372074,uncharacterized LOC105372074
NC_000018.10,38573259,38577670,LOC112268212,minus,112268212,uncharacterized LOC112268212
NC_000018.10,38655209,38659382,LOC124904338,minus,124904338,uncharacterized LOC124904338
NC_000018.10,38694986,38733302,LOC105372076,minus,105372076,uncharacterized LOC105372076
NC_000018.10,38784910,38807595,LOC105372077,plus,105372077,uncharacterized LOC105372077
NC_000018.10,39016047,39016344,RN7SKP182,minus,106479177,RN7SK pseudogene 182
NC_000018.10,39034007,39034110,RNU6-706P,plus,106479878,"RNA, U6 small nuclear 706, pseudogene"
NC_000018.10,39206924,39751995,MIR924HG,minus,647946,MIR924 host gene
NC_000018.10,39314240,39328008,LOC101927879,plus,101927879,uncharacterized LOC101927879
NC_000018.10,39334813,39335692,RPL7AP66,minus,388474,ribosomal protein L7a pseudogene 66
NC_000018.10,39622123,39622175,MIR924,minus,100126323,microRNA 924
NC_000018.10,39650933,39665488,LOC101927857,plus,101927857,uncharacterized LOC101927857
NC_000018.10,39676719,39676777,MIR5583-2,minus,100846997,microRNA 5583-2
NC_000018.10,39676721,39676779,MIR5583-1,plus,100847025,microRNA 5583-1
NC_000018.10,39678520,39678622,RNU6-1242P,minus,106480108,"RNA, U6 small nuclear 1242, pseudogene"
NC_000018.10,39841709,39889993,LINC01902,plus,105372079,long intergenic non-protein coding RNA 1902
NC_000018.10,39959110,39977922,LOC124904349,plus,124904349,uncharacterized LOC124904349
NC_000018.10,40064395,40066465,LOC105372081,minus,105372081,uncharacterized LOC105372081
NC_000018.10,40066286,40099233,LINC01477,plus,101927900,long intergenic non-protein coding RNA 1477
NC_000018.10,40143926,40144504,RPL17P45,minus,100271414,ribosomal protein L17 pseudogene 45
NC_000018.10,40246273,40249626,LOC105372082,plus,105372082,uncharacterized LOC105372082
NC_000018.10,40438099,40440411,LOC107985132,plus,107985132,uncharacterized LOC107985132
NC_000018.10,40472821,40472884,LOC124904364,plus,124904364,U7 small nuclear RNA
NC_000018.10,41406708,41421138,LOC105372084,minus,105372084,uncharacterized LOC105372084
NC_000018.10,41426964,41437655,LOC107985168,minus,107985168,uncharacterized LOC107985168
NC_000018.10,41480271,41520677,KC6,minus,641516,keratoconus gene 6
NC_000018.10,41504134,41507699,LOC105372083,plus,105372083,uncharacterized LOC105372083
NC_000018.10,41788907,41789396,NPM1P1,minus,4870,nucleophosmin 1 pseudogene 1
NC_000018.10,41818946,41819344,LOC100301521,plus,100301521,chromosome 15 open reading frame 40 pseudogene
NC_000018.10,41873510,41908263,LOC105372085,minus,105372085,uncharacterized LOC105372085
NC_000018.10,41955234,42087830,PIK3C3,plus,5289,phosphatidylinositol 3-kinase catalytic subunit type 3
NC_000018.10,42107814,42109050,LOC124904350,plus,124904350,uncharacterized LOC124904350
NC_000018.10,42186668,42691426,LINC00907,plus,284260,long intergenic non-protein coding RNA 907
NC_000018.10,42270589,42270715,RNA5SP454,plus,100873699,"RNA, 5S ribosomal pseudogene 454"
NC_000018.10,42649517,42651135,LOC124904351,minus,124904351,uncharacterized LOC124904351
NC_000018.10,42743227,43115685,RIT2,minus,6014,Ras like without CAAX 2
NC_000018.10,43267892,43277490,SYT4,minus,6860,synaptotagmin 4
NC_000018.10,43810687,43933384,LOC105372088,minus,105372088,uncharacterized LOC105372088
NC_000018.10,43832159,43832265,RNU6-443P,minus,106481318,"RNA, U6 small nuclear 443, pseudogene"
NC_000018.10,43884202,43889200,LOC105372087,plus,105372087,uncharacterized LOC105372087
NC_000018.10,44039477,44040339,IBTKP1,plus,100127883,inhibitor of Bruton tyrosine kinase pseudogene 1
NC_000018.10,44071583,44071701,RNA5SP455,plus,100873700,"RNA, 5S ribosomal pseudogene 455"
NC_000018.10,44320560,44322288,KRT8P5,minus,342732,keratin 8 pseudogene 5
NC_000018.10,44323435,44531697,LINC01478,minus,101927921,long intergenic non-protein coding RNA 1478
NC_000018.10,44341335,44343030,LOC124904291,plus,124904291,uncharacterized LOC124904291
NC_000018.10,44522366,44523074,MLECP1,plus,106480317,malectin pseudogene 1
NC_000018.10,44531779,44553903,LINC01601,plus,105667213,long intergenic non-protein coding RNA 1601
NC_000018.10,44577963,44579953,LOC124904290,minus,124904290,uncharacterized LOC124904290
NC_000018.10,44658449,44664658,LOC105372089,minus,105372089,uncharacterized LOC105372089
NC_000018.10,44680073,45068510,SETBP1,plus,26040,SET binding protein 1
NC_000018.10,44970082,44970166,MIR4319,minus,100422829,microRNA 4319
NC_000018.10,45069276,45156484,LOC105372091,minus,105372091,uncharacterized LOC105372091
NC_000018.10,45158556,45181368,LOC101927961,minus,101927961,uncharacterized LOC101927961
NC_000018.10,45167963,45683688,SLC14A2,plus,8170,solute carrier family 14 member 2
NC_000018.10,45364887,45507063,SLC14A2-AS1,minus,101927980,SLC14A2 antisense RNA 1
NC_000018.10,45606336,45782836,LOC105372093,minus,105372093,uncharacterized LOC105372093
NC_000018.10,45713149,45723035,LOC105372092,plus,105372092,uncharacterized LOC105372092
NC_000018.10,45724181,45752520,SLC14A1,plus,6563,solute carrier family 14 member 1 (Kidd blood group)
NC_000018.10,45800581,45967329,EPG5,minus,57724,ectopic P-granules 5 autophagy tethering factor
NC_000018.10,45825675,45844094,SIGLEC15,plus,284266,sialic acid binding Ig like lectin 15
NC_000018.10,45983536,46072260,PSTPIP2,minus,9050,proline-serine-threonine phosphatase interacting protein 2
NC_000018.10,45989653,45989945,RN7SKP26,minus,106479106,RN7SK pseudogene 26
NC_000018.10,46028192,46029832,LOC100422497,plus,100422497,"UTP18, small subunit (SSU) processome component, homolog (yeast) pseudogene"
NC_000018.10,46077004,46077099,RNY4P37,minus,106480314,RNY4 pseudogene 37
NC_000018.10,46080248,46104227,ATP5F1A,minus,498,ATP synthase F1 subunit alpha
NC_000018.10,46089305,46089377,TRK-CTT6-1,minus,100188995,tRNA-Lys (CTT) 6-1
NC_000018.10,46104385,46128333,HAUS1,plus,115106,HAUS augmin like complex subunit 1
NC_000018.10,46121615,46121721,RNU6-1278P,minus,106480124,"RNA, U6 small nuclear 1278, pseudogene"
NC_000018.10,46173553,46266992,ARK2N,plus,147339,arkadia (RNF111) N-terminal like PKA signaling regulator 2N
NC_000018.10,46334018,46463140,ARK2C,plus,494470,arkadia (RNF111) C-terminal like ring finger ubiquitin ligase 2C
NC_000018.10,46388103,46389538,LOC105372095,minus,105372095,uncharacterized LOC105372095
NC_000018.10,46429232,46433527,LOC124904293,minus,124904293,uncharacterized LOC124904293
NC_000018.10,46476961,46657220,LOXHD1,minus,125336,lipoxygenase homology PLAT domains 1
NC_000018.10,46660200,46666207,LOC105372096,minus,105372096,uncharacterized LOC105372096
NC_000018.10,46667821,46757053,ST8SIA5,minus,29906,"ST8 alpha-N-acetyl-neuraminide alpha-2,8-sialyltransferase 5"
NC_000018.10,46722975,46723203,RPS21P6,plus,100271365,ribosomal protein S21 pseudogene 6
NC_000018.10,46755549,46800558,ST8SIA5-DT,plus,105372097,ST8SIA5 divergent transcript
NC_000018.10,46803218,46920145,PIAS2,minus,9063,protein inhibitor of activated STAT 2
NC_000018.10,46851578,46854788,LOC100421737,minus,100421737,ubiquitin specific peptidase 4 (proto-oncogene) pseudogene
NC_000018.10,46868647,46875567,LOC124904294,plus,124904294,uncharacterized LOC124904294
NC_000018.10,46917594,47102243,KATNAL2,plus,83473,katanin catalytic subunit A1 like 2
NC_000018.10,46962668,46964508,ELOA3DP,minus,100506888,"elongin A3 family member D, pseudogene"
NC_000018.10,47022187,47024027,ELOA3BP,minus,728929,"elongin A3 family member B, pseudogene"
NC_000018.10,47032527,47035621,ELOA2,minus,51224,elongin A2
NC_000018.10,47076103,47098235,LOC105372098,minus,105372098,uncharacterized LOC105372098
NC_000018.10,47107410,47150500,HDHD2,minus,84064,haloacid dehalogenase like hydrolase domain containing 2
NC_000018.10,47136915,47137284,LOC107985131,plus,107985131,small ubiquitin-related modifier 2-like
NC_000018.10,47152834,47176364,IER3IP1,minus,51124,immediate early response 3 interacting protein 1
NC_000018.10,47206169,47251660,SKOR2,minus,652991,SKI family transcriptional corepressor 2
NC_000018.10,47234442,47234548,RNU6-1131P,minus,106480064,"RNA, U6 small nuclear 1131, pseudogene"
NC_000018.10,47264115,47284032,LOC124904295,plus,124904295,uncharacterized LOC124904295
NC_000018.10,47285724,47594550,MIR4527HG,plus,110175910,MIR4527 host gene
NC_000018.10,47380496,47380565,MIR4527,plus,100616264,microRNA 4527
NC_000018.10,47630015,47631792,TPMTP1,plus,400650,thiopurine S-methyltransferase pseudogene 1
NC_000018.10,47668095,47694847,LOC105372100,plus,105372100,uncharacterized LOC105372100
NC_000018.10,47808957,47930872,SMAD2,minus,4087,SMAD family member 2
NC_000018.10,47853230,47853472,MTCO2P2,minus,100873202,MT-CO2 pseudogene 2
NC_000018.10,47932188,47940760,LOC124904297,minus,124904297,uncharacterized LOC124904297
NC_000018.10,47955495,47958052,LOC105372101,minus,105372101,uncharacterized LOC105372101
NC_000018.10,48026672,48412585,ZBTB7C,minus,201501,zinc finger and BTB domain containing 7C
NC_000018.10,48162716,48184647,ZBTB7C-AS1,plus,105372104,ZBTB7C antisense RNA 1
NC_000018.10,48169784,48169890,RNU6-708P,minus,106480602,"RNA, U6 small nuclear 708, pseudogene"
NC_000018.10,48252301,48252837,ZBTB7C-AS2,plus,84322,ZBTB7C antisense RNA 2
NC_000018.10,48342851,48355454,LOC124904352,plus,124904352,uncharacterized LOC124904352
NC_000018.10,48362899,48393531,LOC124904353,plus,124904353,uncharacterized LOC124904353
NC_000018.10,48475487,48475600,RNA5SP456,minus,100873701,"RNA, 5S ribosomal pseudogene 456"
NC_000018.10,48478518,48479422,POLR3GP2,plus,100422391,RNA polymerase III subunit G pseudogene 2
NC_000018.10,48539031,48863217,CTIF,plus,9811,cap binding complex dependent translation initiation factor
NC_000018.10,48670600,48670668,MIR4743,plus,100616366,microRNA 4743
NC_000018.10,48673525,48704425,LOC105372107,minus,105372107,uncharacterized LOC105372107
NC_000018.10,48761696,48780154,LOC107985147,plus,107985147,uncharacterized LOC107985147
NC_000018.10,48794155,48797903,LOC105372106,minus,105372106,uncharacterized LOC105372106
NC_000018.10,48818000,48841878,LOC105372105,minus,105372105,uncharacterized LOC105372105
NC_000018.10,48898491,48914659,LOC124904355,minus,124904355,uncharacterized LOC124904355
NC_000018.10,48919853,48950965,SMAD7,minus,4092,SMAD family member 7
NC_000018.10,48962065,48965133,LOC105372108,minus,105372108,uncharacterized LOC105372108
NC_000018.10,49023703,49048474,DYM-AS1,plus,100129878,DYM antisense RNA 1
NC_000018.10,49036387,49460645,DYM,minus,54808,dymeclin
NC_000018.10,49049687,49049768,MIR4744,minus,100616420,microRNA 4744
NC_000018.10,49116396,49117105,LOC124904298,plus,124904298,uncharacterized LOC124904298
NC_000018.10,49469740,49470416,PRR13P4,plus,100288008,proline rich 13 pseudogene 4
NC_000018.10,49477243,49487234,C18orf32,minus,497661,chromosome 18 open reading frame 32
NC_000018.10,49481178,49492465,RPL17-C18orf32,minus,100526842,RPL17-C18orf32 readthrough
NC_000018.10,49487373,49487422,MIR1539,plus,100302257,microRNA 1539
NC_000018.10,49488481,49492465,RPL17,minus,6139,ribosomal protein L17
NC_000018.10,49489235,49489324,SNORD58C,minus,100124516,"small nucleolar RNA, C/D box 58C"
NC_000018.10,49491283,49491347,SNORD58A,minus,26791,"small nucleolar RNA, C/D box 58A"
NC_000018.10,49491664,49491729,SNORD58B,minus,26790,"small nucleolar RNA, C/D box 58B"
NC_000018.10,49495040,49496897,SRP72P1,minus,100420752,signal recognition particle 72 pseudogene 1
NC_000018.10,49499377,49527526,LINC02837,plus,101928144,long intergenic non-protein coding RNA 2837
NC_000018.10,49561479,49599185,LIPG,plus,9388,"lipase G, endothelial type"
NC_000018.10,49612692,49740483,LOC105372112,plus,105372112,uncharacterized LOC105372112
NC_000018.10,49650350,49651162,SMUG1P1,plus,100129143,single-strand-selective monofunctional uracil-DNA glycosylase 1 pseudogene 1
NC_000018.10,49650514,49653475,LOC112268210,plus,112268210,uncharacterized LOC112268210
NC_000018.10,49782164,49813533,ACAA2,minus,10449,acetyl-CoA acyltransferase 2
NC_000018.10,49814023,49851059,SNHG22,plus,103091864,small nucleolar RNA host gene 22
NC_000018.10,49814023,49814443,SCARNA17,plus,677769,small Cajal body-specific RNA 17
NC_000018.10,49822789,50195147,MYO5B,minus,4645,myosin VB
NC_000018.10,49946266,49946389,RNA5SP457,minus,100873702,"RNA, 5S ribosomal pseudogene 457"
NC_000018.10,49969721,49974338,LOC124904299,minus,124904299,uncharacterized LOC124904299
NC_000018.10,50063792,50064486,ADAD1P2,plus,100422407,adenosine deaminase domain containing 1 pseudogene 2
NC_000018.10,50126499,50126563,MIR4320,minus,100422865,microRNA 4320
NC_000018.10,50206998,50207275,RN7SL310P,minus,106479336,"RNA, 7SL, cytoplasmic 310, pseudogene"
NC_000018.10,50227193,50266495,CFAP53,minus,220136,cilia and flagella associated protein 53
NC_000018.10,50255765,50258076,LOC124904300,minus,124904300,uncharacterized LOC124904300
NC_000018.10,50266885,50281767,MBD1,minus,4152,methyl-CpG binding domain protein 1
NC_000018.10,50282347,50287692,CXXC1,minus,30827,CXXC finger protein 1
NC_000018.10,50306905,50309434,LOC124904301,minus,124904301,uncharacterized LOC124904301
NC_000018.10,50319002,50319120,RNA5SP458,plus,106479016,"RNA, 5S ribosomal pseudogene 458"
NC_000018.10,50354009,50374878,LOC105372114,minus,105372114,uncharacterized LOC105372114
NC_000018.10,50375046,50394168,SKA1,plus,220134,spindle and kinetochore associated complex subunit 1
NC_000018.10,50400903,50408687,LOC105372115,plus,105372115,uncharacterized LOC105372115
NC_000018.10,50457814,50458868,RPLP0P11,plus,647094,ribosomal protein lateral stalk subunit P0 pseudogene 11
NC_000018.10,50559612,50731826,MAPK4,plus,5596,mitogen-activated protein kinase 4
NC_000018.10,50704443,50706139,LOC124904302,plus,124904302,uncharacterized LOC124904302
NC_000018.10,50748169,50752661,LOC105372116,minus,105372116,uncharacterized LOC105372116
NC_000018.10,50795130,50825380,MRO,minus,83876,maestro
NC_000018.10,50814388,50815539,HNRNPA3P16,plus,100421451,heterogeneous nuclear ribonucleoprotein A3 pseudogene 16
NC_000018.10,50823577,50824104,RPL17P46,plus,100271419,ribosomal protein L17 pseudogene 46
NC_000018.10,50879118,50954257,ME2,plus,4200,malic enzyme 2
NC_000018.10,50968040,50988121,ELAC1,plus,55520,elaC ribonuclease Z 1
NC_000018.10,50974788,51030094,LOC107985152,minus,107985152,uncharacterized LOC107985152
NC_000018.10,51016377,51018286,LOC124904303,minus,124904303,uncharacterized LOC124904303
NC_000018.10,51030213,51085042,SMAD4,plus,4089,SMAD family member 4
NC_000018.10,51158202,51159443,SRSF10P1,minus,100130799,serine and arginine rich splicing factor 10 pseudogene 1
NC_000018.10,51174550,51197681,MEX3C,minus,51320,mex-3 RNA binding family member C
NC_000018.10,51283733,51283890,RNU1-46P,minus,106480663,"RNA, U1 small nuclear 46, pseudogene"
NC_000018.10,51392042,51562469,LINC01630,plus,100287225,long intergenic non-protein coding RNA 1630
NC_000018.10,51420653,51421241,SS18L2P2,minus,724101,SS18 like 2 pseudogene 2
NC_000018.10,51433243,51434939,LOC100420949,plus,100420949,neuroepithelial cell transforming 1 pseudogene
NC_000018.10,51546347,51546448,LOC124904365,plus,124904365,small nucleolar RNA U13
NC_000018.10,51612359,51613485,RSL24D1P9,minus,100128991,ribosomal L24 domain containing 1 pseudogene 9
NC_000018.10,51646108,51656433,LOC105372120,minus,105372120,uncharacterized LOC105372120
NC_000018.10,51687533,51688209,LOC100422053,minus,100422053,intraflagellar transport 57 homolog (Chlamydomonas) pseudogene
NC_000018.10,51844950,51845634,RPS8P3,minus,100132995,ribosomal protein S8 pseudogene 3
NC_000018.10,52048255,52223696,LOC105372121,plus,105372121,uncharacterized LOC105372121
NC_000018.10,52340197,53535899,DCC,plus,1630,DCC netrin 1 receptor
NC_000018.10,52419157,52419653,VN1R76P,minus,100312821,vomeronasal 1 receptor 76 pseudogene
NC_000018.10,53237101,53237190,MIR4528,plus,100616232,microRNA 4528
NC_000018.10,53388241,53390176,LOC124904305,minus,124904305,uncharacterized LOC124904305
NC_000018.10,53480835,53746933,LOC124904304,minus,124904304,uncharacterized LOC124904304
NC_000018.10,53568447,53597851,LINC01919,plus,102724651,long intergenic non-protein coding RNA 1919
NC_000018.10,53579623,53581059,LINC01917,minus,101928167,long intergenic non-protein coding RNA 1917
NC_000018.10,53605274,53605633,RPL29P32,minus,390856,ribosomal protein L29 pseudogene 32
NC_000018.10,54151606,54224669,MBD2,minus,8932,methyl-CpG binding domain protein 2
NC_000018.10,54222284,54222412,SNORA37,minus,677819,"small nucleolar RNA, H/ACA box 37"
NC_000018.10,54247120,54248711,LOC124904306,minus,124904306,uncharacterized LOC124904306
NC_000018.10,54257209,54269905,LOC124904307,minus,124904307,uncharacterized LOC124904307
NC_000018.10,54269479,54321266,POLI,plus,11201,DNA polymerase iota
NC_000018.10,54324492,54357858,STARD6,minus,147323,StAR related lipid transfer domain containing 6
NC_000018.10,54357906,54382035,C18orf54,plus,162681,chromosome 18 open reading frame 54
NC_000018.10,54406754,54407195,SNRPGP2,minus,100130003,small nuclear ribonucleoprotein polypeptide G pseudogene 2
NC_000018.10,54412763,54424632,CUPIN1P,plus,116435282,"cupin superfamily member 1, pseudogene"
NC_000018.10,54525470,54534724,DYNAPP1,plus,124544573,DYNAP pseudogene 1
NC_000018.10,54563082,54567303,DYNAPP2,plus,125078041,DYNAP pseudogene 2
NC_000018.10,54575621,54599493,DYNAP,plus,284254,dynactin associated protein
NC_000018.10,54578530,54578619,DYNAPP3,plus,125078044,DYNAP pseuodgene 3
NC_000018.10,54604725,54607107,LOC124904308,minus,124904308,uncharacterized LOC124904308
NC_000018.10,54717857,54895516,RAB27B,plus,5874,"RAB27B, member RAS oncogene family"
NC_000018.10,54744673,54745656,RPSAP57,plus,390857,ribosomal protein SA pseudogene 57
NC_000018.10,54901509,54959461,CCDC68,minus,80323,coiled-coil domain containing 68
NC_000018.10,54954413,54955037,MAP1LC3P,plus,387615,microtubule associated protein 1 light chain 3 pseudogene
NC_000018.10,54987076,54988301,LOC107985125,minus,107985125,uncharacterized LOC107985125
NC_000018.10,55079050,55085592,LINC03035,minus,105372125,long intergenic non-protein coding RNA 3035
NC_000018.10,55105904,55124306,LINC01929,minus,101927229,long intergenic non-protein coding RNA 1929
NC_000018.10,55146546,55146645,RNA5SP459,minus,100873703,"RNA, 5S ribosomal pseudogene 459"
NC_000018.10,55222185,55635957,TCF4,minus,6925,transcription factor 4
NC_000018.10,55452533,55482940,TCF4-AS1,plus,105372127,TCF4 antisense RNA 1
NC_000018.10,55479221,55479298,MIR4529,plus,100616290,microRNA 4529
NC_000018.10,55589899,55605454,LOC105372126,plus,105372126,uncharacterized LOC105372126
NC_000018.10,55635794,55636346,RPL21P126,plus,100271449,ribosomal protein L21 pseudogene 126
NC_000018.10,55665277,55842399,LOC105372130,plus,105372130,uncharacterized LOC105372130
NC_000018.10,55774601,55781725,LINC01415,minus,100132501,long intergenic non-protein coding RNA 1415
NC_000018.10,55852873,55860889,LOC107985183,minus,107985183,uncharacterized LOC107985183
NC_000018.10,55862986,55867652,LOC105372131,plus,105372131,uncharacterized LOC105372131
NC_000018.10,55881688,55920199,LINC01416,minus,101927273,long intergenic non-protein coding RNA 1416
NC_000018.10,55996211,56026101,LINC03092,plus,107985164,long intergenic non-protein coding RNA 3092
NC_000018.10,56003613,56191262,LINC03069,minus,642484,long intergenic non-protein coding RNA 3069
NC_000018.10,56042278,56096315,LINC01905,plus,102724698,long intergenic non-protein coding RNA 1905
NC_000018.10,56079394,56079594,LOC124904363,minus,124904363,small nucleolar RNA SNORA73 family
NC_000018.10,56083356,56137536,LINC01539,minus,100505474,long intergenic non-protein coding RNA 1539
NC_000018.10,56137578,56150206,LOC105372132,plus,105372132,uncharacterized LOC105372132
NC_000018.10,56573497,56575165,LOC105372135,plus,105372135,uncharacterized LOC105372135
NC_000018.10,56597209,56638592,TXNL1,minus,9352,thioredoxin like 1
NC_000018.10,56651359,57036606,WDR7,plus,23335,WD repeat domain 7
NC_000018.10,56957270,56957469,LOC124904382,plus,124904382,uncharacterized LOC124904382
NC_000018.10,57039979,57049295,WDR7-OT1,plus,107985140,WDR7 overlapping transcript 1
NC_000018.10,57050096,57051482,LOC105372136,plus,105372136,uncharacterized LOC105372136
NC_000018.10,57054559,57072119,LINC-ROR,minus,100885779,"long intergenic non-protein coding RNA, regulator of reprogramming"
NC_000018.10,57147087,57150410,BOD1L2,plus,284257,biorientation of chromosomes in cell division 1 like 2
NC_000018.10,57169615,57171194,LINC02565,minus,105372138,long intergenic non-protein coding RNA 2565
NC_000018.10,57284603,57284707,RNU6-737P,minus,106481914,"RNA, U6 small nuclear 737, pseudogene"
NC_000018.10,57352557,57368931,ST8SIA3,plus,51046,"ST8 alpha-N-acetyl-neuraminide alpha-2,8-sialyltransferase 3"
NC_000018.10,57435374,57491298,ONECUT2,plus,9480,one cut homeobox 2
NC_000018.10,57544377,57586702,FECH,minus,2235,ferrochelatase
NC_000018.10,57600656,57621836,NARS1,minus,4677,asparaginyl-tRNA synthetase 1
NC_000018.10,57630331,57669283,ATP8B1-AS1,plus,100505549,ATP8B1 antisense RNA 1
NC_000018.10,57646426,57803315,ATP8B1,minus,5205,ATPase phospholipid transporting 8B1
NC_000018.10,57678622,57678693,TRG-TCC5-1,plus,100189460,tRNA-Gly (anticodon TCC) 5-1
NC_000018.10,57678945,57679016,TRG-TCC6-1,plus,100189511,tRNA-Gly (anticodon TCC) 6-1
NC_000018.10,57731832,57738674,LOC105372141,plus,105372141,uncharacterized LOC105372141
NC_000018.10,57755394,57755494,RNU6-742P,plus,106481414,"RNA, U6 small nuclear 742, pseudogene"
NC_000018.10,57763720,57764242,MRPS17P7,minus,342776,mitochondrial ribosomal protein S17 pseudogene 7
NC_000018.10,57771092,57787220,LOC124904310,plus,124904310,uncharacterized LOC124904310
NC_000018.10,57838430,57839237,RSL24D1P11,plus,284288,ribosomal L24 domain containing 1 pseudogene 11
NC_000018.10,57896233,57901943,LOC105372140,minus,105372140,uncharacterized LOC105372140
NC_000018.10,57961236,57961627,LOC124904311,minus,124904311,uncharacterized LOC124904311
NC_000018.10,58017665,58019061,HMGN1P30,minus,100132992,high mobility group nucleosome binding domain 1 pseudogene 30
NC_000018.10,58044226,58401540,NEDD4L,plus,23327,NEDD4 like E3 ubiquitin protein ligase
NC_000018.10,58189877,58195696,LOC105372143,minus,105372143,uncharacterized LOC105372143
NC_000018.10,58446263,58451281,MIR122HG,plus,112441433,MIR122 host gene
NC_000018.10,58451074,58451158,MIR122,plus,406906,microRNA 122
NC_000018.10,58451080,58451152,MIR3591,minus,100616357,microRNA 3591
NC_000018.10,58481247,58629091,ALPK2,minus,115701,alpha kinase 2
NC_000018.10,58557022,58566678,LOC105372145,plus,105372145,uncharacterized LOC105372145
NC_000018.10,58600620,58600752,SNORA108,plus,106635543,"small nucleolar RNA, H/ACA box 108"
NC_000018.10,58631232,58631815,RPL9P31,plus,100271228,ribosomal protein L9 pseudogene 31
NC_000018.10,58658539,58669499,LOC102724745,plus,102724745,uncharacterized LOC102724745
NC_000018.10,58670009,58671873,MALT1-AS1,minus,101927322,MALT1 antisense RNA 1
NC_000018.10,58671465,58754477,MALT1,plus,10892,MALT1 paracaspase
NC_000018.10,58672613,58780218,LOC105372146,minus,105372146,uncharacterized LOC105372146
NC_000018.10,58690356,58691602,MRPL37P1,plus,100420950,mitochondrial ribosomal protein L37 pseudogene 1
NC_000018.10,58805268,58805374,RNU6-219P,plus,106479664,"RNA, U6 small nuclear 219, pseudogene"
NC_000018.10,58813880,58834364,LINC01926,plus,105372147,long intergenic non-protein coding RNA 1926
NC_000018.10,58818883,58819016,LOC124900406,minus,124900406,U8 small nucleolar RNA
NC_000018.10,58862924,58986480,ZNF532,plus,55205,zinc finger protein 532
NC_000018.10,58926197,58926296,RNU2-69P,minus,106481656,"RNA, U2 small nuclear 69, pseudogene"
NC_000018.10,58996611,59069309,OACYLP,plus,390858,"O-acyltransferase like, pseudogene"
NC_000018.10,59139884,59158832,SEC11C,plus,90701,"SEC11 homolog C, signal peptidase complex subunit"
NC_000018.10,59168474,59169337,LOC100286992,plus,100286992,signal recognition particle 19kDa pseudogene
NC_000018.10,59219189,59230771,GRP,plus,2922,gastrin releasing peptide
NC_000018.10,59267038,59273454,RAX,minus,30062,retina and anterior neural fold homeobox
NC_000018.10,59295402,59318649,CPLX4,minus,339302,complexin 4
NC_000018.10,59327823,59359265,LMAN1,minus,3998,"lectin, mannose binding 1"
NC_000018.10,59380244,59403350,LOC107985156,minus,107985156,uncharacterized LOC107985156
NC_000018.10,59430939,59697721,CCBE1,minus,147372,collagen and calcium binding EGF domains 1
NC_000018.10,59693046,59693473,ACTBP3,minus,63,ACTB pseudogene 3
NC_000018.10,59761532,59761974,RPS26P54,plus,100131971,ribosomal protein S26 pseudogene 54
NC_000018.10,59778573,59780567,GLUD1P4,plus,2750,glutamate dehydrogenase 1 pseudogene 4
NC_000018.10,59823950,59825335,RPLP0P12,plus,390860,ribosomal protein lateral stalk subunit P0 pseudogene 12
NC_000018.10,59899996,59904305,PMAIP1,plus,5366,phorbol-12-myristate-13-acetate-induced protein 1
NC_000018.10,59927371,59951306,LOC105372151,plus,105372151,uncharacterized LOC105372151
NC_000018.10,59929155,59930530,LOC100128022,plus,100128022,pleckstrin homology domain containing B2 pseudogene
NC_000018.10,59967808,59972107,NFE2L3P1,plus,642996,"nuclear factor, erythroid 2 like 3 pseudogene 1"
NC_000018.10,59972914,59973207,RN7SL342P,plus,106479349,"RNA, 7SL, cytoplasmic 342, pseudogene"
NC_000018.10,60009785,60011264,ENTR1P1,minus,388478,ENTR1 pseudogene 1
NC_000018.10,60016590,60017484,SINHCAFP2,minus,728115,SINHCAF pseudogene 2
NC_000018.10,60018625,60018731,RNU6-567P,plus,106479818,"RNA, U6 small nuclear 567, pseudogene"
NC_000018.10,60027066,60044460,LOC105372152,plus,105372152,uncharacterized LOC105372152
NC_000018.10,60149551,60150407,RPS3AP49,plus,400652,RPS3A pseudogene 49
NC_000018.10,60163567,60163707,RNU4-17P,plus,106481177,"RNA, U4 small nuclear 17, pseudogene"
NC_000018.10,60196366,60198471,LOC342784,plus,342784,general transcription factor IIH subunit 1 pseudogene
NC_000018.10,60294159,60301325,LOC105372155,plus,105372155,uncharacterized LOC105372155
NC_000018.10,60371062,60372775,MC4R,minus,4160,melanocortin 4 receptor
NC_000018.10,60495416,60496488,LOC101901828,minus,101901828,dynein light chain roadblock-type 1 pseudogene
NC_000018.10,60519834,60520171,MRPS5P4,plus,359797,mitochondrial ribosomal protein S5 pseudogene 4
NC_000018.10,60525625,60526174,LOC100421385,minus,100421385,testin LIM domain protein pseudogene
NC_000018.10,60627451,60630958,LOC124904313,minus,124904313,uncharacterized LOC124904313
NC_000018.10,60637898,60646463,LOC105372156,plus,105372156,uncharacterized LOC105372156
NC_000018.10,60662839,60664569,CTBP2P3,plus,220147,CTBP2 pseudogene 3
NC_000018.10,60673513,60674109,LOC100420948,minus,100420948,ADP ribosylation factor like GTPase 14 effector protein pseudogene
NC_000018.10,60794607,60794903,HMGN1P31,minus,728111,high mobility group nucleosome binding domain 1 pseudogene 31
NC_000018.10,61333430,61555779,CDH20,plus,28316,cadherin 20
NC_000018.10,61391595,61391702,RNU6-116P,plus,106480553,"RNA, U6 small nuclear 116, pseudogene"
NC_000018.10,61404826,61405275,RPL30P14,minus,100129867,ribosomal protein L30 pseudogene 14
NC_000018.10,61575182,61606945,LOC124904314,minus,124904314,uncharacterized LOC124904314
NC_000018.10,61618224,61618662,LSM6P1,minus,100129011,"LSM6 homolog, U6 small nuclear RNA and mRNA degradation associated pseudogene 1"
NC_000018.10,61652072,61662576,LOC105372157,plus,105372157,uncharacterized LOC105372157
NC_000018.10,61748176,61754695,LINC01544,plus,100996669,long intergenic non-protein coding RNA 1544
NC_000018.10,61755781,61756647,LOC124904315,plus,124904315,uncharacterized LOC124904315
NC_000018.10,61808067,61894412,RNF152,minus,220441,ring finger protein 152
NC_000018.10,61894553,61905616,LOC105372159,plus,105372159,uncharacterized LOC105372159
NC_000018.10,61897669,61910418,LOC112268209,minus,112268209,uncharacterized LOC112268209
NC_000018.10,61957094,61957597,RPIAP1,minus,619449,ribose 5-phosphate isomerase A pseudogene 1
NC_000018.10,62017615,62187056,PIGN,minus,23556,phosphatidylinositol glycan anchor biosynthesis class N
NC_000018.10,62187255,62310249,RELCH,plus,57614,"RAB11 binding and LisH domain, coiled-coil and HEAT repeat containing"
NC_000018.10,62325310,62391288,TNFRSF11A,plus,8792,TNF receptor superfamily member 11a
NC_000018.10,62415657,62416257,RPL17P44,plus,100129584,ribosomal protein L17 pseudogene 44
NC_000018.10,62441924,62443715,ACTBP9,plus,69,ACTB pseudogene 9
NC_000018.10,62523025,62586729,ZCCHC2,plus,54877,zinc finger CCHC-type containing 2
NC_000018.10,62650308,62650601,RN7SL705P,minus,106481856,"RNA, 7SL, cytoplasmic 705, pseudogene"
NC_000018.10,62715541,62980433,PHLPP1,plus,23239,PH domain and leucine rich repeat protein phosphatase 1
NC_000018.10,62731226,62731332,RNU6-142P,minus,106479628,"RNA, U6 small nuclear 142, pseudogene"
NC_000018.10,62757317,62773855,LOC105372160,minus,105372160,uncharacterized LOC105372160
NC_000018.10,63088487,63097189,LOC105372161,plus,105372161,uncharacterized LOC105372161
NC_000018.10,63123346,63320090,BCL2,minus,596,BCL2 apoptosis regulator
NC_000018.10,63194585,63194665,LOC124904379,minus,124904379,uncharacterized LOC124904379
NC_000018.10,63327726,63367206,KDSR,minus,2531,3-ketodihydrosphingosine reductase
NC_000018.10,63363693,63367000,LOC124904317,minus,124904317,uncharacterized LOC124904317
NC_000018.10,63389190,63422476,VPS4B,minus,9525,vacuolar protein sorting 4 homolog B
NC_000018.10,63400847,63405035,LOC124904316,plus,124904316,uncharacterized LOC124904316
NC_000018.10,63415272,63416488,LOC100422317,minus,100422317,"proteasome 26S subunit, ATPase 5 pseudogene"
NC_000018.10,63476958,63505085,SERPINB5,plus,5268,serpin family B member 5
NC_000018.10,63496942,63497503,ATP5MC1P6,plus,100505704,ATP synthase membrane subunit c locus 1 pseudogene 6
NC_000018.10,63519110,63569329,SERPINB12,plus,89777,serpin family B member 12
NC_000018.10,63587343,63599192,SERPINB13,plus,5275,serpin family B member 13
NC_000018.10,63637259,63644256,SERPINB4,minus,6318,serpin family B member 4
NC_000018.10,63655197,63661893,SERPINB3,minus,6317,serpin family B member 3
NC_000018.10,63702304,63723893,SERPINB11,plus,89778,serpin family B member 11
NC_000018.10,63724910,63737834,LOC124904318,minus,124904318,uncharacterized LOC124904318
NC_000018.10,63753057,63805370,SERPINB7,plus,8710,serpin family B member 7
NC_000018.10,63885286,63894536,LOC124904356,minus,124904356,uncharacterized LOC124904356
NC_000018.10,63887705,63903888,SERPINB2,plus,5055,serpin family B member 2
NC_000018.10,63907958,63936111,SERPINB10,plus,5273,serpin family B member 10
NC_000018.10,63949301,63969648,HMSD,plus,284293,histocompatibility minor serpin domain containing
NC_000018.10,63966365,63970504,LOC105372165,minus,105372165,uncharacterized LOC105372165
NC_000018.10,63970081,64019779,SERPINB8,plus,5271,serpin family B member 8
NC_000018.10,64072170,64072651,RPL12P39,plus,100271410,ribosomal protein L12 pseudogene 39
NC_000018.10,64080009,64149026,LINC00305,minus,221241,long intergenic non-protein coding RNA 305
NC_000018.10,64104091,64423601,LINC01924,plus,284294,long intergenic non-protein coding RNA 1924
NC_000018.10,64181265,64192822,LOC124904357,minus,124904357,uncharacterized LOC124904357
NC_000018.10,64213082,64260055,LINC01538,minus,400654,long intergenic non-protein coding RNA 1538
NC_000018.10,64538100,64539163,LOC105372166,minus,105372166,uncharacterized LOC105372166
NC_000018.10,64630290,64631351,LOC105372167,minus,105372167,uncharacterized LOC105372167
NC_000018.10,64826458,64951642,LOC107985178,plus,107985178,uncharacterized LOC107985178
NC_000018.10,64871614,64993037,LOC101927404,minus,101927404,uncharacterized LOC101927404
NC_000018.10,65131920,65144207,LOC105372168,plus,105372168,uncharacterized LOC105372168
NC_000018.10,65424013,65448230,LINC01916,plus,107985128,long intergenic non-protein coding RNA 1916
NC_000018.10,65464892,65506672,LOC105372169,minus,105372169,uncharacterized LOC105372169
NC_000018.10,65750252,65890337,CDH7,plus,1005,cadherin 7
NC_000018.10,66068727,66069645,PRPF19P1,minus,100422496,PRPF19 pseudogene 1
NC_000018.10,66110545,66112212,LOC105372170,minus,105372170,uncharacterized LOC105372170
NC_000018.10,66501083,66604090,CDH19,minus,28513,cadherin 19
NC_000018.10,66849004,66849713,LOC124904320,minus,124904320,uncharacterized LOC124904320
NC_000018.10,66946116,66946222,RNU6-1037P,plus,106481508,"RNA, U6 small nuclear 1037, pseudogene"
NC_000018.10,67081584,67081686,MIR5011,plus,100847002,microRNA 5011
NC_000018.10,67137611,67137758,RPL31P9,minus,619464,ribosomal protein L31 pseudogene 9
NC_000018.10,67506587,67516720,DSEL,minus,92126,dermatan sulfate epimerase like
NC_000018.10,67516546,67899619,DSEL-AS1,plus,643542,DSEL antisense RNA 1
NC_000018.10,67587246,67623892,LOC105372174,minus,105372174,uncharacterized LOC105372174
NC_000018.10,67672221,67767209,LOC105372173,minus,105372173,uncharacterized LOC105372173
NC_000018.10,67706805,67708322,FAM32DP,minus,100190955,"family with sequence similarity 32 member D, pseudogene"
NC_000018.10,67767183,67782417,LOC105372172,plus,105372172,uncharacterized LOC105372172
NC_000018.10,67788272,67791033,LOC100129135,minus,100129135,selenocysteine insertion sequence-binding protein 2-like
NC_000018.10,67808507,67814822,LINC01903,minus,101927430,long intergenic non-protein coding RNA 1903
NC_000018.10,67830498,67831943,LOC100131011,minus,100131011,myotubularin related protein 14 pseudogene
NC_000018.10,68258079,68264803,LINC01912,minus,105372175,long intergenic non-protein coding RNA 1912
NC_000018.10,68455950,68456870,AKR1B10P2,plus,643582,aldo-keto reductase family 1 member B10 pseudogene 2
NC_000018.10,68528030,68528119,MTL3P,plus,4531,"metallothionein-like 3, pseudogene"
NC_000018.10,68673688,68715108,TMX3,minus,54495,thioredoxin related transmembrane protein 3
NC_000018.10,68715216,69058121,CCDC102B,plus,79839,coiled-coil domain containing 102B
NC_000018.10,68858934,68859039,RNU6-39P,plus,100873758,"RNA, U6 small nuclear 39, pseudogene"
NC_000018.10,68866493,68868158,SDHCP1,plus,100422600,succinate dehydrogenase complex subunit C pseudogene 1
NC_000018.10,68992719,68993372,LOC100418959,minus,100418959,aminoacylase 1 pseudogene
NC_000018.10,69079170,69079272,LOC124904376,minus,124904376,uncharacterized LOC124904376
NC_000018.10,69146176,69166689,LOC107985134,plus,107985134,uncharacterized LOC107985134
NC_000018.10,69367688,69383494,LOC107985136,plus,107985136,uncharacterized LOC107985136
NC_000018.10,69400888,69849087,DOK6,plus,220164,docking protein 6
NC_000018.10,69469931,69471736,LOC105372179,plus,105372179,uncharacterized LOC105372179
NC_000018.10,69774527,69781478,LOC107985138,plus,107985138,uncharacterized LOC107985138
NC_000018.10,69853274,69961773,CD226,minus,10666,CD226 molecule
NC_000018.10,70003031,70205687,RTTN,minus,25914,rotatin
NC_000018.10,70205753,70210984,LOC105372180,plus,105372180,uncharacterized LOC105372180
NC_000018.10,70210353,70212136,LOC124904321,minus,124904321,uncharacterized LOC124904321
NC_000018.10,70250775,70264405,LOC107985158,minus,107985158,uncharacterized LOC107985158
NC_000018.10,70289045,70330199,SOCS6,plus,9306,suppressor of cytokine signaling 6
NC_000018.10,70335439,70352459,LINC01909,plus,101927481,long intergenic non-protein coding RNA 1909
NC_000018.10,70335508,70338180,LIVAR,minus,102724895,liver cell viability associated lncRNA
NC_000018.10,70380140,70384591,LINC01910,minus,101060542,long intergenic non-protein coding RNA 1910
NC_000018.10,70412055,70412487,LARP7P3,plus,106481700,LARP7 pseudogene 3
NC_000018.10,70430210,70431162,RPS2P6,plus,342808,ribosomal protein S2 pseudogene 6
NC_000018.10,70470277,70491265,LOC105376872,plus,105376872,uncharacterized LOC105376872
NC_000018.10,70512727,70512997,RN7SL795P,plus,106479511,"RNA, 7SL, cytoplasmic 795, pseudogene"
NC_000018.10,70630519,70650954,GTSCR1,minus,220158,"Gilles de la Tourette syndrome chromosome region, candidate 1"
NC_000018.10,70731847,70733145,LOC124904322,plus,124904322,uncharacterized LOC124904322
NC_000018.10,70756017,70786531,LOC105372185,plus,105372185,uncharacterized LOC105372185
NC_000018.10,71028781,71033053,LOC100421257,plus,100421257,lysosomal associated membrane protein 1 pseudogene
NC_000018.10,71197938,71208366,LOC105372188,plus,105372188,uncharacterized LOC105372188
NC_000018.10,71215626,71218006,LOC105372187,minus,105372187,uncharacterized LOC105372187
NC_000018.10,71225685,71226913,LOC100132647,plus,100132647,signal peptide peptidase like 3 pseudogene
NC_000018.10,71432085,71623999,LOC107985179,plus,107985179,uncharacterized LOC107985179
NC_000018.10,71519964,71578956,LINC01541,minus,100505776,long intergenic non-protein coding RNA 1541
NC_000018.10,71642675,71646597,LOC105372186,plus,105372186,uncharacterized LOC105372186
NC_000018.10,71732615,71782226,LINC01899,minus,102724913,long intergenic non-protein coding RNA 1899
NC_000018.10,71777919,71799769,LOC105376873,plus,105376873,uncharacterized LOC105376873
NC_000018.10,71810520,71839331,LOC102725148,plus,102725148,uncharacterized LOC102725148
NC_000018.10,72147669,72172865,LOC105372189,minus,105372189,uncharacterized LOC105372189
NC_000018.10,72536681,72638521,CBLN2,minus,147381,cerebellin 2 precursor
NC_000018.10,72618185,72619420,HNRNPA1P11,plus,100128044,heterogeneous nuclear ribonucleoprotein A1 pseudogene 11
NC_000018.10,72742314,72867987,NETO1,minus,81832,neuropilin and tolloid like 1
NC_000018.10,72751952,72752051,RNA5SP460,plus,100873704,"RNA, 5S ribosomal pseudogene 460"
NC_000018.10,72853321,72853382,MIR548AV,minus,100847083,microRNA 548av
NC_000018.10,72868388,72881399,NETO1-DT,plus,100505797,NETO1 divergent transcript
NC_000018.10,73154058,73264498,LINC02864,minus,400655,long intergenic non-protein coding RNA 2864
NC_000018.10,73324941,73349889,LINC02582,plus,100505817,long intergenic non-protein coding RNA 2582
NC_000018.10,73378367,73691291,LOC105372190,minus,105372190,uncharacterized LOC105372190
NC_000018.10,73744935,73745232,RN7SL401P,plus,106480507,"RNA, 7SL, cytoplasmic 401, pseudogene"
NC_000018.10,73756507,73784778,LOC105372191,plus,105372191,uncharacterized LOC105372191
NC_000018.10,73947880,73957977,LOC124904358,plus,124904358,uncharacterized LOC124904358
NC_000018.10,74073368,74147834,FBXO15,minus,201456,F-box protein 15
NC_000018.10,74148523,74160531,TIMM21,plus,29090,translocase of inner mitochondrial membrane 21
NC_000018.10,74227506,74227802,RN7SL551P,plus,106479422,"RNA, 7SL, cytoplasmic 551, pseudogene"
NC_000018.10,74250846,74291963,CYB5A,minus,1528,cytochrome b5 type A
NC_000018.10,74315839,74359189,C18orf63,plus,644041,chromosome 18 open reading frame 63
NC_000018.10,74389830,74390356,FAUP1,minus,140623,FAU pseudogene 1
NC_000018.10,74409448,74413209,LINC01922,plus,101927606,long intergenic non-protein coding RNA 1922
NC_000018.10,74434775,74464648,DIPK1C,minus,125704,divergent protein kinase domain 1C
NC_000018.10,74496363,74523454,CNDP2,plus,55748,carnosine dipeptidase 2
NC_000018.10,74534500,74587212,CNDP1,plus,84735,carnosine dipeptidase 1
NC_000018.10,74580364,74583677,LOC124904324,minus,124904324,uncharacterized LOC124904324
NC_000018.10,74591774,74597835,ZNF407-AS1,minus,400657,ZNF407 antisense RNA 1
NC_000018.10,74597870,75065671,ZNF407,plus,55628,zinc finger protein 407
NC_000018.10,74905790,74936612,LOC124904323,minus,124904323,uncharacterized LOC124904323
NC_000018.10,75137009,75139680,LOC124904325,minus,124904325,uncharacterized LOC124904325
NC_000018.10,75166505,75168012,LOC124904326,minus,124904326,uncharacterized LOC124904326
NC_000018.10,75167747,75168285,LOC105376874,plus,105376874,uncharacterized LOC105376874
NC_000018.10,75195108,75209139,PTGR3,minus,284273,prostaglandin reductase 3
NC_000018.10,75210797,75289944,TSHZ1,plus,10194,teashirt zinc finger homeobox 1
NC_000018.10,75405446,75426661,LOC105372200,plus,105372200,uncharacterized LOC105372200
NC_000018.10,75409476,75427703,SMIM21,minus,284274,small integral membrane protein 21
NC_000018.10,75432703,75455653,LOC124900405,minus,124900405,uncharacterized LOC124900405
NC_000018.10,75455603,75468881,LOC107985177,plus,107985177,uncharacterized LOC107985177
NC_000018.10,75472794,75478546,LOC105372201,plus,105372201,uncharacterized LOC105372201
NC_000018.10,75506209,75510005,LOC105372202,minus,105372202,uncharacterized LOC105372202
NC_000018.10,75696083,75712403,LINC01898,minus,100505853,long intergenic non-protein coding RNA 1898
NC_000018.10,76005064,76008268,LOC105372203,minus,105372203,uncharacterized LOC105372203
NC_000018.10,76050606,76052190,LOC124904339,minus,124904339,uncharacterized LOC124904339
NC_000018.10,76053751,76056546,LOC105372204,minus,105372204,uncharacterized LOC105372204
NC_000018.10,76122998,76145255,LOC339298,plus,339298,uncharacterized LOC339298
NC_000018.10,76172781,76184563,LOC124904360,minus,124904360,uncharacterized LOC124904360
NC_000018.10,76191863,76207440,LOC105372206,minus,105372206,uncharacterized LOC105372206
NC_000018.10,76209510,76215824,LINC01893,plus,105372207,long intergenic non-protein coding RNA 1893
NC_000018.10,76217022,76255260,LOC105372210,minus,105372210,uncharacterized LOC105372210
NC_000018.10,76232925,76260119,LOC105372209,plus,105372209,uncharacterized LOC105372209
NC_000018.10,76278779,76325549,LOC105372211,minus,105372211,uncharacterized LOC105372211
NC_000018.10,76357682,76496419,ZNF516,minus,9658,zinc finger protein 516
NC_000018.10,76491652,76493918,ZNF516-AS1,plus,101927989,ZNF516 antisense RNA 1
NC_000018.10,76495339,76498089,ZNF516-DT,plus,400658,ZNF516 divergent transcript
NC_000018.10,76528655,76559827,LINC00908,plus,284276,long intergenic non-protein coding RNA 908
NC_000018.10,76619777,76623559,LINC00683,plus,400660,long intergenic non-protein coding RNA 683
NC_000018.10,76622781,76639011,LINC01927,minus,101927651,long intergenic non-protein coding RNA 1927
NC_000018.10,76656317,76661368,LOC107985151,minus,107985151,uncharacterized LOC107985151
NC_000018.10,76683546,76687423,LOC105372212,minus,105372212,uncharacterized LOC105372212
NC_000018.10,76690029,76693636,LINC01879,plus,400661,long intergenic non-protein coding RNA 1879
NC_000018.10,76703863,76704254,ARL2BPP1,minus,399666,ADP ribosylation factor like GTPase 2 binding protein pseudogene 1
NC_000018.10,76722364,76727871,LOC105372213,plus,105372213,uncharacterized LOC105372213
NC_000018.10,76751305,76751841,CCND3P2,plus,106480307,cyclin D3 pseudogene 2
NC_000018.10,76779508,76793323,LOC124904327,minus,124904327,uncharacterized LOC124904327
NC_000018.10,76794732,76822295,ZNF236-DT,minus,100131655,ZNF236 divergent transcript
NC_000018.10,76800664,76800774,RNU6-346P,minus,106481768,"RNA, U6 small nuclear 346, pseudogene"
NC_000018.10,76822557,76972901,ZNF236,plus,7776,zinc finger protein 236
NC_000018.10,76834392,76834930,RPL26P35,minus,100128115,ribosomal protein L26 pseudogene 35
NC_000018.10,76842877,76857772,LOC105372214,minus,105372214,uncharacterized LOC105372214
NC_000018.10,76884935,76887090,LOC100421894,minus,100421894,exportin for tRNA pseudogene
NC_000018.10,76978833,77133708,MBP,minus,4155,myelin basic protein
NC_000018.10,76980429,76984152,LOC105372217,plus,105372217,uncharacterized LOC105372217
NC_000018.10,77087346,77092863,LOC124904328,minus,124904328,uncharacterized LOC124904328
NC_000018.10,77247709,77251451,LOC124904329,minus,124904329,uncharacterized LOC124904329
NC_000018.10,77249848,77277900,GALR1,plus,2587,galanin receptor 1
NC_000018.10,77403863,77414202,LOC107985171,plus,107985171,uncharacterized LOC107985171
NC_000018.10,77431563,77431689,LOC124900408,minus,124900408,uncharacterized LOC124900408
NC_000018.10,77432057,77437248,BDP1P,minus,724038,B double prime 1 pseudogene
NC_000018.10,77512256,77589073,LOC107985172,plus,107985172,uncharacterized LOC107985172
NC_000018.10,77632887,77633426,LOC100421527,minus,100421527,DnaJ heat shock protein family (Hsp40) member C8 pseudogene
NC_000018.10,77717842,77722950,LOC107985129,plus,107985129,uncharacterized LOC107985129
NC_000018.10,77863464,77863567,RNA5SP461,minus,100873705,"RNA, 5S ribosomal pseudogene 461"
NC_000018.10,77971294,77993727,LINC01029,minus,101927715,long intergenic non-protein coding RNA 1029
NC_000018.10,78036739,78036845,RNU6-655P,plus,106479856,"RNA, U6 small nuclear 655, pseudogene"
NC_000018.10,78518575,78522246,LOC105372219,plus,105372219,uncharacterized LOC105372219
NC_000018.10,78556094,78558962,LOC105372220,minus,105372220,uncharacterized LOC105372220
NC_000018.10,78639294,78641237,LOC105372221,plus,105372221,uncharacterized LOC105372221
NC_000018.10,78663719,78670440,LOC124904330,minus,124904330,uncharacterized LOC124904330
NC_000018.10,78908612,78927373,LOC105372224,minus,105372224,uncharacterized LOC105372224
NC_000018.10,78976814,78980113,LINC01896,minus,645321,long intergenic non-protein coding RNA 1896
NC_000018.10,78979818,78998969,SALL3,plus,27164,spalt like transcription factor 3
NC_000018.10,79001397,79064040,LOC105372225,minus,105372225,uncharacterized LOC105372225
NC_000018.10,79069394,79378283,ATP9B,plus,374868,ATPase phospholipid transporting 9B (putative)
NC_000018.10,79143867,79147847,LOC124904331,plus,124904331,uncharacterized LOC124904331
NC_000018.10,79272926,79298945,LOC105372226,minus,105372226,uncharacterized LOC105372226
NC_000018.10,79340263,79344041,LOC124904332,minus,124904332,uncharacterized LOC124904332
NC_000018.10,79345846,79347763,LOC107985149,plus,107985149,histidine-rich protein PFHRP-II-like
NC_000018.10,79395930,79529323,NFATC1,plus,4772,nuclear factor of activated T cells 1
NC_000018.10,79419249,79422903,LOC124904333,plus,124904333,octapeptide-repeat protein T2
NC_000018.10,79433748,79446482,LOC124904334,plus,124904334,uncharacterized LOC124904334
NC_000018.10,79457527,79465863,LOC101927897,minus,101927897,uncharacterized LOC101927897
NC_000018.10,79469319,79481346,LOC107985162,minus,107985162,uncharacterized LOC107985162
NC_000018.10,79519321,79523516,LOC102723506,minus,102723506,uncharacterized LOC102723506
NC_000018.10,79579282,79589018,LOC284240,plus,284240,uncharacterized LOC284240
NC_000018.10,79579788,79586265,LOC124904335,minus,124904335,uncharacterized LOC124904335
NC_000018.10,79610658,79615961,LOC105372228,plus,105372228,uncharacterized LOC105372228
NC_000018.10,79638928,79679745,CTDP1-DT,minus,284241,CTDP1 divergent transcript
NC_000018.10,79676768,79756625,CTDP1,plus,9150,CTD phosphatase subunit 1
NC_000018.10,79797938,79900100,KCNG2,plus,26251,potassium voltage-gated channel modifier subfamily G member 2
NC_000018.10,79902420,79951653,SLC66A2,minus,80148,solute carrier family 66 member 2
NC_000018.10,79952809,79956096,LOC124904336,plus,124904336,uncharacterized LOC124904336
NC_000018.10,79964643,79970822,HSBP1L1,plus,440498,heat shock factor binding protein 1 like 1
NC_000018.10,79970813,80033936,TXNL4A,minus,10907,thioredoxin like 4A
NC_000018.10,80034434,80050651,RBFA,plus,79863,ribosome binding factor A
NC_000018.10,80067256,80081304,RBFADN,plus,100506070,RBFA downstream neighbor
NC_000018.10,80077707,80078249,SLC25A6P4,plus,100422690,solute carrier family 25 member 6 pseudogene 4
NC_000018.10,80109262,80140346,ADNP2,plus,22850,ADNP homeobox 2
NC_000018.10,80147924,80178432,PARD6G-AS1,plus,100130522,PARD6G antisense RNA 1
NC_000018.10,80157232,80247514,PARD6G,minus,84552,par-6 family cell polarity regulator gamma
NC_000018.10,80178973,80183437,LOC124904337,minus,124904337,uncharacterized LOC124904337
